"action","info","state","reward","done"
"[[0, 0, 0, -0.5, 0, 0], [0, 0, 0, 0.5, 0, 0]]",3,"[ 7.46169141e-01 -1.97460824e-01  4.65710560e-01  4.32844672e-01
  6.69151721e-01 -1.84885583e-01  4.32198668e-01  5.75549830e-01
  5.97423144e-01 -2.04739732e-01  6.33371896e-01  4.47221723e-01
  3.40665597e-01  2.60354117e-01 -1.10399776e-01  4.59041692e-01
  5.94930849e-02 -2.55697462e+00  2.28863856e-01  1.49984545e-01
  2.18033641e-03  1.69558455e-01 -5.10895818e-01 -1.73799347e+00
  3.64020376e-01  2.67548137e-01  7.48965458e-02 -4.27043360e-01
 -2.39536208e-01 -2.45039449e+00  1.92888756e-01  1.62626416e-01
  1.74191469e-01  2.41870639e-01  1.67255355e-01  1.11084570e-01
  1.29020493e+00  1.30337757e+00  1.30567731e+00]",-0.279303676271489,False
"[[-0.5, 0, 0, 0, 0, 0], [0.5, 0, 0, 0, 0, 0]]",3,"[ 0.75099292 -0.16790102  0.44206003  0.46087072  0.66839989 -0.15638148
  0.41591362  0.59649165  0.60752053 -0.1683369   0.61599528  0.47236777
  0.35392542  0.26239623 -0.1417092   0.50439517  0.08436009 -2.29714019
  0.23036261  0.14615275 -0.02739583  0.33648143 -0.47381257 -1.86062572
  0.38663803  0.280198    0.02897372 -0.46031481 -0.24189864 -2.36194249
  0.19492588  0.1611466   0.17849787  0.24384081  0.16704158  0.11188315
  1.28987932  1.30277971  1.305611  ]",-0.2880895766121766,False
"[[0, 0, -0.5, 0, 0, 0], [0, 0, 0.5, 0, 0, 0]]",3,"[ 0.75434888 -0.13668669  0.41617354  0.48895204  0.66433257 -0.12947131
  0.39989567  0.61804763  0.61611503 -0.1312151   0.59754517  0.4961095
  0.36255564  0.26357284 -0.16781748  0.51986662  0.10473465 -2.41942286
  0.24417073  0.15884255  0.00277607  0.46843764 -0.55030663 -1.86267154
  0.40960706  0.29483554  0.01020333 -0.47772823 -0.26334612 -2.54529431
  0.19740133  0.16286642  0.18112274  0.24662865  0.16909258  0.11545622
  1.28935284  1.3014432   1.30512934]",-0.30457683932765045,False
"[[0, 0, 0, 0, -0.5, 0], [0, 0, 0, 0, 0.5, 0]]",3,"[ 0.75899663 -0.10312349  0.38733658  0.51308872  0.66338071 -0.101124
  0.3810377   0.6360112   0.62515924 -0.09716632  0.57990951  0.51326367
  0.25623345  0.16885466  0.05458501  0.12400943  0.24827285 -2.21516987
  0.1738792   0.09957287  0.20290054  0.09800289 -0.31256208 -1.53906182
  0.3160292   0.18494913  0.19787206 -0.65643507 -0.05501583 -1.92929365
  0.2013065   0.16513747  0.18545821  0.2507579   0.16917939  0.11974919
  1.28850922  1.30040191  1.30415581]",-0.21302916607177658,False
"[[0, 0, -0.5, 0, 0, 0], [0, 0, 0.5, 0, 0, 0]]",3,"[ 0.76348128 -0.07506715  0.3622504   0.52937312  0.66196184 -0.08052156
  0.3678789   0.64806475  0.63387881 -0.06770327  0.56336218  0.52558251
  0.2010653   0.14135684  0.06442418  0.04500105  0.23433578 -1.77141934
  0.13958666  0.08432997  0.20314341  0.13553699 -0.28777907 -1.14013707
  0.25990515  0.1599067   0.18556486 -0.56988398 -0.05054615 -1.74086413
  0.20565978  0.16926756  0.18828579  0.25455652  0.17210062  0.12566001
  1.28751006  1.29876435  1.30303771]",-0.1488959249049573,1
"[[0, 0, -0.5, 0, 0, 0], [0, 0, 0.5, 0, 0, 0]]",3,"[ 0.76691945 -0.04066636  0.29942174  0.56615141  0.65294318  0.01963528
  0.28000306  0.70347562  0.67405654  0.04702244  0.46056243  0.57560309
  0.06060256  0.02390045  0.02898587  0.00561309  0.09216617 -0.17495615
  0.03389527  0.02215599  0.07937524  0.09468234 -0.05929458 -0.44928587
  0.06984145  0.03047699  0.04060695 -0.12354002  0.1043851  -0.48821698
  0.18408453  0.19412345  0.19879373  0.25594649  0.19792765  0.1321198
  1.29129927  1.29369399  1.29955119]",0.035628086677026716,False
"[[0, 0, 0, -0.5, 0, 0], [0, 0, 0, 0.5, 0, 0]]",3,"[ 0.76787408 -0.03555553  0.29412022  0.56797755  0.65086699  0.02186744
  0.27919989  0.70564963  0.67552121  0.05703455  0.45114427  0.58041968
  0.04267928  0.01438541  0.04620009 -0.04375859  0.05377963 -0.57417114
  0.03564757  0.01344252  0.09952005  0.13451586 -0.08478515 -0.01332569
  0.06772763  0.02423778  0.06950056 -0.13381314  0.03236479 -0.66965804
  0.18465067  0.19839764  0.19861296  0.2541966   0.20092598  0.13473884
  1.29126179  1.29296152  1.29893373]",0.04783169957011282,False
"[[0, -0.5, 0, 0, 0, 0], [0, 0.5, 0, 0, 0, 0]]",3,"[ 0.76894293 -0.02850216  0.2878501   0.57013746  0.64897765  0.01997398
  0.2835491   0.70571167  0.67616031  0.06757312  0.4435248   0.58440299
  0.03403985  0.01493715  0.04363888 -0.03995795  0.04694033 -0.46068706
  0.0345806   0.01935181  0.08255151  0.08736892 -0.10439922  0.22437331
  0.05503192  0.02073361  0.06434418 -0.14759708 -0.06742869 -0.63545001
  0.18713571  0.20154687  0.20006488  0.25437164  0.2044152   0.13909944
  1.29074394  1.29217367  1.29777489]",0.052846150212414476,False
"[[0, -0.5, 0, 0, 0, 0], [0, 0.5, 0, 0, 0, 0]]",3,"[ 0.76992532 -0.02346478  0.28312526  0.57140572  0.64742834  0.0193996
  0.2868219   0.70582816  0.67604212  0.07923769  0.43664653  0.58824166
  0.03319716  0.01572392  0.0606233  -0.06427042  0.04456746 -0.62178696
  0.03831983  0.02787538  0.05478799  0.05500051 -0.0949536   0.04724644
  0.05294531  0.01330518  0.07724388 -0.15004483 -0.11518695 -0.35544352
  0.19086097  0.20320478  0.20254941  0.25658393  0.20797231  0.1444202
  1.28982557  1.29185178  1.29591949]",0.055462133121127286,False
"[[-0.5, 0, 0, 0, 0, 0], [0.5, 0, 0, 0, 0, 0]]",3,"[ 0.77127365 -0.01867861  0.27829829  0.5721347   0.6461812   0.02309879
  0.28404363  0.70797989  0.67695425  0.0861567   0.43346439  0.58857335
  0.0306982   0.0119122   0.06486306 -0.05841225  0.08932432  0.03982078
  0.02331203  0.01981913  0.05497301  0.07243922 -0.03564335 -0.48837343
  0.03625334  0.01032615  0.0753387  -0.18338395 -0.05449734 -0.58274511
  0.19355657  0.20572684  0.20587416  0.25973653  0.21188687  0.15053806
  1.28901136  1.29103464  1.29413853]",0.06375076602350493,1
"[[0, 0, 0, 0, -0.5, 0], [0, 0, 0, 0, 0.5, 0]]",3,"[ 0.77297777 -0.01096803  0.24697676  0.58428378  0.64166858  0.05770742
  0.24905471  0.72312035  0.67110393  0.1115494   0.4109292   0.60688832
  0.06025782  0.02834476 -0.00259918  0.021508    0.04154887 -0.70919932
  0.06734288  0.01968558  0.03977922  0.01478679 -0.10307624 -0.0433513
  0.08468748  0.03096842  0.02157711 -0.15248891 -0.11013217 -0.41006022
  0.21523684  0.21342663  0.22743923  0.28423312  0.24654343  0.12760395
  1.28265888  1.28685433  1.29242032]",0.02394056882414039,False
"[[0, -0.5, 0, 0, 0, 0], [0, 0.5, 0, 0, 0, 0]]",3,"[ 7.72877419e-01 -7.61676213e-04  2.38247108e-01  5.88131134e-01
  6.40927990e-01  5.73471022e-02  2.53300139e-01  7.22330714e-01
  6.70657665e-01  1.22549965e-01  4.05270680e-01  6.09061145e-01
  6.37250476e-02  3.42918187e-02 -1.37054545e-03  2.81283914e-02
  4.89066134e-02 -6.70656876e-01  8.36309484e-02  3.44507478e-02
  3.83726715e-02  1.98917203e-02 -1.34504154e-01 -3.98578350e-02
  9.16697606e-02  3.98501816e-02  2.84362636e-02 -1.90035858e-01
 -1.45178666e-01 -6.49192421e-01  2.18852518e-01  2.12621817e-01
  2.30232041e-01  2.87086654e-01  2.47850615e-01  1.31583054e-01
  1.28171733e+00  1.28620210e+00  1.29153111e+00]",0.017212908419413683,False
"[[0, 0, -0.5, 0, 0, 0], [0, 0, 0.5, 0, 0, 0]]",3,"[ 0.77324449  0.01023104  0.22810215  0.59157222  0.63898363  0.06497752
  0.24868293  0.72500665  0.67089593  0.13214508  0.40024956  0.61011197
  0.07150162  0.0504799   0.04385371 -0.05313913  0.11132505 -0.78694087
  0.10963883  0.06067183  0.06524909  0.0628319  -0.14234111 -0.77348064
  0.10505754  0.05549986  0.07513888 -0.21809021 -0.09021655 -0.59026772
  0.22282307  0.21323407  0.23140627  0.29025466  0.2499222   0.1367038
  1.28067945  1.28546585  1.29024716]",-0.007097492677777317,False
"[[0, 0, 0, -0.5, 0, 0], [0, 0, 0, 0.5, 0, 0]]",3,"[ 0.77376029  0.02230121  0.21653381  0.59490401  0.63638447  0.07294586
  0.24392219  0.72814536  0.67097707  0.14662388  0.3896428   0.61357127
  0.08023071  0.0473115   0.02600979 -0.01611964  0.09371892 -0.91979131
  0.11205155  0.05122738  0.08896984  0.1108575  -0.16359831 -0.37264314
  0.1288687   0.06488054  0.07096816 -0.26418496 -0.05906195 -1.00285637
  0.22707667  0.21581473  0.23288855  0.2913155   0.25307987  0.14275709
  1.27977106  1.2842894   1.28896572]",-0.01575574292667875,False
"[[0, 0, -0.5, 0, 0, 0], [0, 0, 0.5, 0, 0, 0]]",3,"[ 0.77394441  0.03407733  0.20477321  0.59826141  0.63294758  0.081922
  0.23880996  0.73187154  0.67114134  0.16123204  0.37886077  0.61647226
  0.09562321  0.06147656  0.03564635 -0.04397224  0.12971859 -1.0972723
  0.1339446   0.07605474  0.10763543  0.11354502 -0.19719812 -0.68479725
  0.14724302  0.07483905  0.08017271 -0.29197298 -0.0641543  -0.77394549
  0.23096363  0.21959837  0.23321559  0.29279517  0.25640499  0.14919573
  1.2788809   1.28307921  1.28751066]",-0.03788670794424681,1
"[[0, -0.5, 0, 0, 0, 0], [0, 0.5, 0, 0, 0, 0]]",3,"[ 0.42968566  0.51431861 -0.34118015  0.65912268  0.26170947  0.62086582
 -0.30560971  0.67278264  0.42129902  0.62191832 -0.33658069  0.5678364
  0.21749467  0.10705773  0.17665956  0.23426069  0.19235579 -2.24663827
  0.36060788  0.17494667  0.12832719  0.23978241 -0.60376128 -1.78796507
  0.25673749  0.13065349  0.02826656 -0.25710201 -0.02059915 -2.25156717
  0.09199546  0.22901011  0.18187314  0.16217326  0.14521882  0.20534097
  1.31407095  1.29819961  1.29534631]",-0.21638935513065904,False
"[[-0.5, 0, 0, 0, 0, 0], [0.5, 0, 0, 0, 0, 0]]",3,"[ 0.40392249  0.53073193 -0.36699429  0.64844848  0.23949387  0.63893811
 -0.32294654  0.6558249   0.3978161   0.63760853 -0.36316184  0.55073695
  0.21906196  0.10171008  0.14414726  0.23164627  0.17416474 -1.93110688
  0.34601398  0.1643619   0.09265564  0.28522099 -0.53523452 -1.73099964
  0.24517451  0.12048084  0.00937491 -0.24892362 -0.0149006  -2.03019448
  0.09497884  0.22945264  0.18438511  0.16540373  0.14872738  0.20792558
  1.31313453  1.29740167  1.29471718]",-0.20200585066930976,False
"[[-0.5, 0, 0, 0, 0, 0], [0.5, 0, 0, 0, 0, 0]]",3,"[ 0.38031286  0.54448221 -0.38893981  0.63845679  0.21693731  0.65542359
 -0.33875199  0.63922235  0.3757289   0.65087662 -0.3872142   0.53409043
  0.21916521  0.09945833  0.12341815  0.22797584  0.17631091 -1.76309989
  0.3383283   0.16128382  0.06660337  0.31644592 -0.50095319 -1.70646666
  0.23528001  0.11495511 -0.00647471 -0.23964257 -0.01354304 -1.92979291
  0.09728817  0.2314723   0.18788528  0.16891854  0.15295774  0.21199111
  1.31224797  1.29633267  1.29372686]",-0.19401433544573826,False
"[[0, -0.5, 0, 0, 0, 0], [0, 0.5, 0, 0, 0, 0]]",3,"[ 0.35626725  0.55707425 -0.41030609  0.62800545  0.19723751  0.67000956
 -0.35133409  0.62349732  0.35307017  0.66353389 -0.41042166  0.51635094
  0.22582087  0.10866105  0.13645541  0.22815762  0.19399262 -1.81133406
  0.33244802  0.15933312  0.07141717  0.28610749 -0.51368757 -1.41057972
  0.23402563  0.11950257  0.00922777 -0.23798165 -0.0540091  -1.94342595
  0.1009011   0.2329354   0.19185102  0.17298851  0.1579853   0.21646425
  1.31111084  1.29511024  1.29266974]",-0.19342792347141724,False
"[[0, 0, 0, 0, -0.5, 0], [0, 0, 0, 0, 0.5, 0]]",3,"[ 0.33024369  0.56952278 -0.43281903  0.61583325  0.17631261  0.68361241
 -0.36498555  0.6069378   0.33016762  0.67526395 -0.43288952  0.49760889
  0.24411513  0.10876434  0.12555793  0.2239432   0.22969831 -1.93465053
  0.35052832  0.16316557  0.05004072  0.27186232 -0.47178204 -1.56655506
  0.24670997  0.11677661 -0.00464429 -0.25069809 -0.06249123 -1.91497928
  0.10578283  0.23506964  0.19682748  0.17738193  0.16188014  0.22044183
  1.30975608  1.29398367  1.29144378]",-0.20712594170774928,1
"[[0, -0.5, 0, 0, 0, 0], [0, 0.5, 0, 0, 0, 0]]",3,"[ 0.37823294 -0.54885542  0.73430854 -0.12840771  0.41998949 -0.63055415
  0.64222677  0.11642621  0.25539008 -0.61323124  0.74747376 -0.00251517
  0.35035491  0.16525253  0.07613161  0.4098683   0.45760183 -1.42440898
  0.26569122  0.13395322 -0.01383476  0.18535666 -0.23561796 -1.82750771
  0.21862441  0.10232744  0.10546395 -0.20184548  0.11139707 -2.35745779
  0.20897445  0.2503373   0.10086054  0.19525617  0.250308    0.14617773
  1.29300619  1.28077949  1.30653402]",-0.2129198114719582,False
"[[-0.5, 0, 0, 0, 0, 0], [0.5, 0, 0, 0, 0, 0]]",3,"[ 0.40003321 -0.54364606  0.72941286 -0.11126214  0.44119367 -0.61590292
  0.63628764  0.14542965  0.28328599 -0.59819792  0.74912079  0.02695085
  0.34207126  0.16102828  0.08406993  0.40106102  0.46426172 -1.84251581
  0.24637591  0.12128948 -0.00424368  0.20542546 -0.19202917 -1.72824438
  0.22180295  0.09346012  0.12625679 -0.26881006  0.10207442 -1.81936623
  0.20984781  0.25341481  0.10418365  0.19707842  0.25329566  0.14988638
  1.29260612  1.28015527  1.30517899]",-0.20009667876042397,False
"[[0, 0, -0.5, 0, 0, 0], [0, 0, 0.5, 0, 0, 0]]",3,"[ 0.42828658 -0.53244982  0.72507617 -0.08562906  0.45733589 -0.60360294
  0.63058513  0.16991106  0.30468597 -0.58483466  0.75018335  0.04857802
  0.34098236  0.16141432  0.05589101  0.37351935  0.49543636 -1.73006513
  0.24963419  0.12582582 -0.02190182  0.20319625 -0.21134296 -1.59783634
  0.22584219  0.09858527  0.1039671  -0.23867347  0.12030449 -1.77948752
  0.21176785  0.25693556  0.10721756  0.20011049  0.2566749   0.15479222
  1.29202309  1.27916781  1.30368482]",-0.20017108983541215,False
"[[0, -0.5, 0, 0, 0, 0], [0, 0.5, 0, 0, 0, 0]]",3,"[ 0.4552103  -0.52195743  0.71875473 -0.06112011  0.47048018 -0.59255955
  0.62501734  0.1920284   0.32864742 -0.5692075   0.749901    0.0751145
  0.33482707  0.17013363  0.03130475  0.46392878  0.51781381 -1.847379
  0.24508001  0.13394304 -0.04258207  0.23260171 -0.22495403 -1.33843089
  0.21082794  0.10657409  0.09750079 -0.22809812  0.07850782 -2.02023802
  0.21483083  0.25873804  0.11166549  0.20366908  0.26077152  0.15976205
  1.29113349  1.27826022  1.30212214]",-0.19558037842050896,False
"[[0, 0, -0.5, 0, 0, 0], [0, 0, 0.5, 0, 0, 0]]",3,"[ 0.48385314 -0.50904338  0.71105716 -0.03403961  0.48331436 -0.58068848
  0.61894935  0.21473199  0.35158249 -0.55303358  0.74862971  0.10048472
  0.3573032   0.17773936  0.00467121  0.43239493  0.55292645 -1.85646141
  0.25656881  0.13694038 -0.06641943  0.21084602 -0.25368881 -1.59815032
  0.23596989  0.11403997  0.08070762 -0.24395019  0.10504335 -1.97885446
  0.21844409  0.26081313  0.11582924  0.20772593  0.26513296  0.16466751
  1.29011435  1.27722271  1.30057823]",-0.21049373485261685,1
"[[-0.5, 0, 0, 0, 0, 0], [0.5, 0, 0, 0, 0, 0]]",3,"[ 0.72729574 -0.27259907  0.52592783  0.34659856  0.63333665 -0.3099199
  0.50633438  0.49644722  0.57130545 -0.26597691  0.66919916  0.39374973
  0.25348347  0.20490401 -0.00902653  0.34593403  0.05854748 -1.63974
  0.18567984  0.12679398  0.01455015 -0.01297422 -0.3913996  -1.59760996
  0.2622768   0.20342367  0.10012416 -0.36511303 -0.17802444 -1.3453297
  0.20803467  0.19280135  0.17513351  0.24294642  0.19598815  0.1498645
  1.2881117   1.29419394  1.29883865]",-0.19163264387674944,False
"[[0, 0, 0, 0, -0.5, 0], [0, 0, 0, 0, 0.5, 0]]",3,"[ 0.73482972 -0.25048923  0.51048755  0.36970648  0.63690808 -0.29030602
  0.49784447  0.51207558  0.57869971 -0.24392195  0.66218949  0.40879555
  0.25638534  0.19993498 -0.01876687  0.34111158  0.06985491 -1.68441883
  0.16157392  0.11212321  0.05752816  0.1105004  -0.36531137 -0.99621276
  0.26665594  0.20293947  0.0985397  -0.34531416 -0.19151714 -1.5278805
  0.20932738  0.19008048  0.17959942  0.24613249  0.19263521  0.15009153
  1.28766448  1.29418344  1.29891351]",-0.18457116917472616,False
"[[0, 0, 0, 0, -0.5, 0], [0, 0, 0, 0, 0.5, 0]]",3,"[ 0.74148875 -0.22833675  0.49432957  0.39203959  0.639594   -0.27080386
  0.48731341  0.52925459  0.58581728 -0.22044878  0.65372117  0.42528706
  0.2546017   0.19806302 -0.03929743  0.32400257  0.07241034 -1.94183448
  0.1724504   0.12807858  0.02908747  0.1799084  -0.35143219 -1.24484583
  0.2710128   0.20110929  0.07984301 -0.34901498 -0.19561075 -1.36092196
  0.21199795  0.1904315   0.18470081  0.24952024  0.18996605  0.15264118
  1.28694841  1.29389531  1.29823305]",-0.18774054669419787,False
"[[-0.5, 0, 0, 0, 0, 0], [0.5, 0, 0, 0, 0, 0]]",3,"[ 0.74577948 -0.21065948  0.47984478  0.41132048  0.64050843 -0.25234251
  0.47633822  0.54696811  0.59287965 -0.19619924  0.64389881  0.44203383
  0.25971884  0.19588601 -0.05899773  0.36694617  0.07655547 -1.42031572
  0.1725034   0.12531258  0.00576354  0.28848636 -0.3682374  -1.38222563
  0.27510878  0.20797374  0.04883204 -0.33543316 -0.1853001  -1.60817823
  0.21340586  0.19251376  0.19018051  0.25291777  0.18990637  0.1568514
  1.28635449  1.29311982  1.29723253]",-0.187591301023609,False
"[[-0.5, 0, 0, 0, 0, 0], [0.5, 0, 0, 0, 0, 0]]",3,"[ 0.74900528 -0.19350936  0.46528359  0.43018181  0.64035044 -0.23252837
  0.46367086  0.56647259  0.59961204 -0.17200375  0.63354033  0.45771909
  0.26616783  0.20133448 -0.08616436  0.39266891  0.06985218 -1.39301337
  0.17659224  0.13214544 -0.0360264   0.35009896 -0.40799176 -1.56880902
  0.28407131  0.21680332  0.01595185 -0.35634708 -0.18194621 -1.57428648
  0.21376373  0.19599132  0.19572215  0.25621585  0.19195777  0.16228429
  1.28593995  1.29200357  1.29588851]",-0.19515559043391834,1
"[[0, 0, 0, 0, -0.5, 0], [0, 0, 0, 0, 0.5, 0]]",3,"[ 0.75861623  0.0443235   0.24670954  0.60139109  0.66433073 -0.00296908
  0.33181792  0.66974079  0.64699952  0.04060972  0.5157251   0.56015185
  0.13065827  0.07103505 -0.0277914   0.08426561  0.1223497  -1.00162757
  0.09053128  0.06621456  0.1105229   0.10771102 -0.14333231 -1.13894101
  0.19535032  0.10291922  0.03221583 -0.49990805  0.11240179 -1.46567912
  0.24274888  0.13510746  0.22762869  0.28596487  0.17008735  0.12549331
  1.28146256  1.29807619  1.29905064]",-0.061983598951084656,False
"[[-0.5, 0, 0, 0, 0, 0], [0.5, 0, 0, 0, 0, 0]]",3,"[ 0.75736799  0.05622985  0.23369448  0.60713987  0.66191216  0.01261368
  0.31865269  0.678361    0.65291451  0.06260459  0.49795349  0.56729678
  0.13468428  0.07265664 -0.01603506  0.06998192  0.15038524 -0.78937032
  0.08125501  0.0601429   0.11297509  0.12393819 -0.12160084 -1.14599961
  0.19476601  0.10265045  0.03582322 -0.54502725  0.11919318 -1.45184829
  0.24045396  0.14062145  0.22795711  0.28516469  0.17078585  0.13020075
  1.28192418  1.29773351  1.29776484]",-0.05535089238885191,False
"[[0, -0.5, 0, 0, 0, 0], [0, 0.5, 0, 0, 0, 0]]",3,"[ 0.75614038  0.06770447  0.22064897  0.61235762  0.65927499  0.0263829
  0.30800941  0.68541274  0.65762236  0.08626412  0.47932163  0.57475395
  0.13772367  0.07886996 -0.00411875  0.05082001  0.13482474 -1.2060504
  0.10727889  0.06744516  0.10128711  0.08523944 -0.17193559 -0.75107269
  0.20820201  0.10837509  0.04912624 -0.54086424  0.0439726  -1.2932297
  0.23998541  0.14497775  0.22954736  0.28566928  0.17289382  0.13580643
  1.28187119  1.29737764  1.29610688]",-0.06956613497750752,False
"[[0, -0.5, 0, 0, 0, 0], [0, 0.5, 0, 0, 0, 0]]",3,"[ 0.75476009  0.08136585  0.20546417  0.6176579   0.6566678   0.04088134
  0.2973459   0.6918826   0.66126379  0.10998002  0.46109624  0.58139905
  0.15015612  0.08547801  0.00736607  0.03750931  0.17278193 -1.04193077
  0.13302033  0.0808846   0.08149433  0.0636151  -0.17423283 -1.13573769
  0.21985819  0.11746056  0.05609199 -0.52811326  0.02701179 -1.42494573
  0.24158274  0.14772726  0.23205171  0.28734105  0.17589087  0.14199543
  1.28132441  1.29667448  1.29458927]",-0.08747967206987761,False
"[[0, 0, 0, -0.5, 0, 0], [0, 0, 0, 0.5, 0, 0]]",3,"[ 0.75300763  0.09723578  0.18809966  0.62301142  0.65349568  0.05557406
  0.28672257  0.6983159   0.66387605  0.13673843  0.4394225   0.58947354
  0.15366916  0.09316553  0.00296971  0.00174535  0.18207682 -1.37384547
  0.14308046  0.07861714  0.10533211  0.10650341 -0.20589714 -1.03926324
  0.24283164  0.13443371  0.05736606 -0.55144483  0.03804538 -1.67991061
  0.24417771  0.15163987  0.23522282  0.28790439  0.17957875  0.14816869
  1.28067712  1.2957715   1.29299005]",-0.10068074743869102,1
"[[0, 0, 0, 0, -0.5, 0], [0, 0, 0, 0, 0.5, 0]]",3,"[ 0.35077157 -0.54652504  0.74520705 -0.15144678  0.38734623 -0.64369158
  0.65720648  0.0608579   0.19548421 -0.64598016  0.73545515 -0.06001065
  0.49670801  0.24609099  0.20328539  0.57523359  0.70787416 -2.67289383
  0.36819038  0.18331817  0.03749056  0.26931887 -0.28573559 -2.82081843
  0.30176575  0.14482943  0.22386944 -0.34868905  0.21728667 -2.77789703
  0.22999156  0.23927382  0.0979567   0.20413636  0.2355959   0.10856357
  1.2907589   1.28371032  1.31058281]",-0.34619722222172167,False
"[[-0.5, 0, 0, 0, 0, 0], [0.5, 0, 0, 0, 0, 0]]",3,"[ 0.38758087 -0.53609631  0.74018921 -0.12042321  0.41877723 -0.62460331
  0.65114934  0.10247375  0.23241728 -0.62895552  0.74149172 -0.02423198
  0.46302256  0.22597732  0.17402774  0.55185802  0.67946038 -2.1784897
  0.33773286  0.17027789  0.0374209   0.27538437 -0.22835912 -2.67328148
  0.28965977  0.14007733  0.21680035 -0.36199783  0.17095935 -2.61993292
  0.22922303  0.24331086  0.09911561  0.20457251  0.23806291  0.11358938
  1.29064777  1.28282361  1.30966413]",-0.3110230915970119,False
"[[0, 0, 0, -0.5, 0, 0], [0, 0, 0, 0.5, 0, 0]]",3,"[ 0.42096837 -0.52497609  0.73411245 -0.09091014  0.44588565 -0.60618192
  0.64349593  0.14015153  0.26837836 -0.6100902   0.74538966  0.01254016
  0.46503091  0.21743923  0.12426449  0.49646212  0.60297894 -2.12072441
  0.33900372  0.15925842  0.01005884  0.28612821 -0.23620271 -2.38468017
  0.29628488  0.12975342  0.18144118 -0.35842097  0.12456536 -2.79984102
  0.22956125  0.24788269  0.10223165  0.20483496  0.24080508  0.11949677
  1.29038806  1.28179851  1.30840763]",-0.3058585047882114,False
"[[0, -0.5, 0, 0, 0, 0], [0, 0.5, 0, 0, 0, 0]]",3,"[ 0.45108825 -0.51470267  0.72628312 -0.06413571  0.46858927 -0.58874405
  0.63523238  0.17402405  0.30439421 -0.58895282  0.74685315  0.05185666
  0.44176347  0.2152636   0.07739939  0.54094548  0.62728688 -1.97107377
  0.31668459  0.16443913 -0.01463061  0.29103331 -0.22956263 -2.1337955
  0.28567884  0.13600377  0.1494343  -0.32456047  0.10310683 -2.77561603
  0.23099328  0.25111747  0.10675429  0.20588681  0.2443258   0.12547719
  1.2899241   1.28091533  1.30681468]",-0.29089288654899237,False
"[[0, 0, -0.5, 0, 0, 0], [0, 0, 0.5, 0, 0, 0]]",3,"[ 0.48392322 -0.50024741  0.71726516 -0.03318951  0.48814235 -0.57184414
  0.62656173  0.20526011  0.33511058 -0.56853307  0.74649025  0.08499032
  0.44610177  0.21900988  0.0378148   0.50105255  0.66240553 -2.24008192
  0.31003832  0.16065602 -0.04637133  0.27546001 -0.24689    -2.08503613
  0.29691705  0.13682449  0.12584475 -0.32113217  0.1282348  -2.43899929
  0.23323449  0.25459878  0.11019895  0.20838496  0.24825899  0.13154875
  1.2893595   1.27988117  1.30508346]",-0.2899023668895784,1
"[[0, 0, 0, -0.5, 0, 0], [0, 0, 0, 0.5, 0, 0]]",3,"[ 0.70766446  0.23337252  0.04018721  0.66568256  0.56790024  0.31031517
  0.04624911  0.76095653  0.66966777  0.34800198  0.13105783  0.64285577
  0.3476664   0.19629516 -0.21500417  0.2167341   0.44266094 -2.98508827
  0.44763059  0.26055119 -0.00530383  0.20616544 -0.48132693 -3.15617501
  0.5472723   0.30868801 -0.2334709  -0.73311496  0.42205982 -3.46729496
  0.13478428  0.19097974  0.15450873  0.18208122  0.16316431  0.17030063
  1.30757477  1.2986865   1.30195938]",-0.39649642531159723,False
"[[0, 0, 0, 0, -0.5, 0], [0, 0, 0, 0, 0.5, 0]]",3,"[ 6.86977086e-01  2.75075998e-01 -1.12479012e-02  6.72509601e-01
  5.42099088e-01  3.55177204e-01  2.95051655e-03  7.61556976e-01
  6.54683183e-01  3.90532169e-01  7.66187103e-02  6.42653972e-01
  3.67088497e-01  2.15097107e-01 -3.10129346e-01  2.56819274e-01
  5.17214195e-01 -3.63171990e+00  5.16438356e-01  3.03616906e-01
 -8.48484920e-02  2.33826876e-01 -5.78764432e-01 -3.59270529e+00
  5.90459316e-01  3.38012362e-01 -3.61820970e-01 -7.73380906e-01
  3.07427439e-01 -3.66204946e+00  1.34275874e-01  1.97483607e-01
  1.56194273e-01  1.79829084e-01  1.65392526e-01  1.75918846e-01
  1.30774757e+00  1.29770925e+00  1.30086837e+00]",-0.45367837556262636,False
"[[-0.5, 0, 0, 0, 0, 0], [0.5, 0, 0, 0, 0, 0]]",3,"[ 0.66449699  0.30876281 -0.05821325  0.67802692  0.50916806  0.40401269
 -0.04721786  0.75848013  0.63132885  0.43745809  0.01535336  0.64017074
  0.34350619  0.24145743  0.01655786  0.53930698  0.65251378 -1.03051209
  0.43914141  0.34862562  0.1537677   0.5085792  -0.23071861 -3.9762126
  0.47793872  0.36221757 -0.03543246 -0.26693061  0.50934813 -4.32465616
  0.13510778  0.20316755  0.15804268  0.17942017  0.16972241  0.18062287
  1.30736768  1.29664283  1.29986286]",-0.4743306931990031,False
"[[-0.5, 0, 0, 0, 0, 0], [0.5, 0, 0, 0, 0, 0]]",3,"[ 0.63336742  0.34183523 -0.10866526  0.68570128  0.47699981  0.4346916
 -0.08278576  0.75938192  0.61153077  0.46298516 -0.02742255  0.64103265
  0.28385416  0.22525274  0.04368252  0.63431046  0.77920433 -2.21717374
  0.41036751  0.34880009  0.18125729  0.58124568 -0.14822402 -3.2889315
  0.42462074  0.34421789 -0.0418355  -0.26201443  0.50088586 -3.31823045
  0.13618544  0.20946263  0.16134915  0.18182582  0.17413932  0.18728036
  1.30691757  1.29525552  1.29813402]",-0.3541168278163678,False
"[[0, 0, 0, 0, -0.5, 0], [0, 0, 0, 0, 0.5, 0]]",3,"[ 0.60174205  0.36823788 -0.15351235  0.69191136  0.44036321  0.46671323
 -0.12312235  0.75703362  0.58488946  0.49338367 -0.07587318  0.63931224
  0.26486491  0.2065149   0.00386352  0.68164987  0.83754374 -3.44618602
  0.4328703   0.34458942  0.13490759  0.60190788 -0.16017442 -2.86958465
  0.42012709  0.32166011 -0.11599704 -0.28025869  0.51198108 -2.86714137
  0.13854205  0.21533215  0.16695359  0.18522964  0.17784757  0.19329284
  1.306109    1.29407736  1.29618483]",-0.36266599901902685,1
"[[0, 0, -0.5, 0, 0, 0], [0, 0, 0.5, 0, 0, 0]]",3,"[ 0.75739228 -0.07910314  0.32824308  0.55888828  0.67923146 -0.00760887
  0.29316252  0.67278709  0.64769512 -0.07437882  0.53837671  0.53395631
 -0.24520667 -0.11801223  0.13729434 -0.35246376 -0.0943697   1.60928587
 -0.12446798 -0.07129525 -0.0358113  -0.03135623  0.0698166   2.19024819
 -0.26277441 -0.13237793 -0.02985134  0.6034317  -0.29562907  1.92591272
  0.15814139  0.11418751  0.16373151  0.27275519  0.16642239  0.10297092
  1.29259732  1.30616656  1.31364997]",0.32152478901592924,False
"[[0, -0.5, 0, 0, 0, 0], [0, 0.5, 0, 0, 0, 0]]",3,"[ 0.75722483 -0.10128498  0.34952322  0.54238862  0.67883693 -0.04262774
  0.32537448  0.6568826   0.6354024  -0.10016643  0.55996929  0.52217322
 -0.28904939 -0.13959429  0.12766433 -0.36056084 -0.15203895  1.68183105
 -0.17311769 -0.08775741 -0.05550649 -0.02348444  0.11804953  2.61963779
 -0.29881308 -0.15422952 -0.03185836  0.51051013 -0.29105259  1.83201935
  0.1662512   0.1119941   0.16569659  0.27736716  0.17350174  0.10209583
  1.29085233  1.3049523   1.31336994]",0.3699853207496481,False
"[[0, -0.5, 0, 0, 0, 0], [0, 0.5, 0, 0, 0, 0]]",3,"[ 7.58631964e-01 -1.10373180e-01  3.61300857e-01  5.30807870e-01
  6.75715560e-01 -9.73608757e-02  3.73386755e-01  6.28101643e-01
  6.24876079e-01 -1.27334901e-01  5.81792107e-01  5.04810513e-01
 -1.71537569e-01 -1.15052755e-01  2.05808427e-01 -3.37811400e-01
  7.29185265e-02  9.84196330e-01 -1.70459581e-01 -1.06756986e-01
  1.10281990e-01 -1.61910312e-01  3.21237344e-01  3.45774187e+00
 -1.77710057e-01 -1.15022927e-01  1.16253425e-01  2.23556861e-01
  1.21003503e-04  1.06398405e+00  1.72928919e-01  1.12223225e-01
  1.69070072e-01  2.81059240e-01  1.81221950e-01  1.03674331e-01
  1.28969875e+00  1.30397406e+00  1.31164672e+00]",0.36314250445483953,False
"[[0, -0.5, 0, 0, 0, 0], [0, 0.5, 0, 0, 0, 0]]",3,"[ 0.75847663 -0.13707503  0.37881367  0.51227321  0.67406516 -0.12671959
  0.39306094  0.61243889  0.62095786 -0.13428051  0.58460917  0.50459112
 -0.11680855 -0.1112648   0.19808106 -0.29522541  0.12544068  1.32411398
 -0.063167   -0.07856132  0.12529125  0.02529761  0.26299819  1.55806538
 -0.11552577 -0.10650988  0.11839237  0.23791414 -0.04848919  0.46274405
  0.17928882  0.11367654  0.17410074  0.28562095  0.18849553  0.10737731
  1.28779936  1.30236771  1.31069061]",0.24289037097453006,False
"[[0, 0, -0.5, 0, 0, 0], [0, 0, 0.5, 0, 0, 0]]",3,"[ 0.76001207 -0.14670048  0.38553068  0.50222179  0.67061498 -0.14996956
  0.40828963  0.60090287  0.61601223 -0.14527646  0.59257393  0.49827686
 -0.08657688 -0.0840885   0.14938858 -0.24305293  0.07768322  0.48643114
 -0.05335897 -0.06035016  0.08771759  0.12126458  0.17498542  1.36888326
 -0.07860333 -0.08502064  0.10169735  0.14878697 -0.06243808  0.60472224
  0.18618317  0.1174029   0.17697941  0.29075588  0.19437179  0.11264705
  1.28615169  1.30067057  1.3091792 ]",0.20834179978282216,1
"[[0, 0, -0.5, 0, 0, 0], [0, 0, 0.5, 0, 0, 0]]",3,"[ 0.7693967  -0.12619574  0.36946679  0.50556666  0.6703428  -0.16834895
  0.42832281  0.58209855  0.60718144 -0.14979404  0.60408186  0.49394084
  0.08379605  0.0463751   0.00252678  0.06181558  0.06464013 -0.70187032
  0.05156804  0.02131356  0.03112203  0.04319977 -0.14114779 -0.08879652
  0.09717609  0.04618778  0.05627257 -0.08511288 -0.12425005 -0.51211113
  0.21287433  0.11159703  0.19502174  0.30758814  0.20376676  0.10948982
  1.28070015  1.29950262  1.3057569 ]",0.024806815166362364,False
"[[-0.5, 0, 0, 0, 0, 0], [0.5, 0, 0, 0, 0, 0]]",3,"[ 0.76985092 -0.12137695  0.36348653  0.51036726  0.66890454 -0.16409563
  0.42586799  0.5867502   0.60891162 -0.13920759  0.59923165  0.50076872
  0.13660697  0.08320746 -0.0394374   0.16621458  0.08944132 -0.62709904
  0.03642989  0.03121104 -0.00820636  0.18910123 -0.09215401  0.13437553
  0.1432288   0.07952828  0.01867426 -0.15395004 -0.12349669 -0.64556046
  0.21637052  0.11312737  0.19772934  0.31052249  0.20735636  0.11103477
  1.27982446  1.29881326  1.30474056]",-0.011897337368942842,False
"[[0, 0, -0.5, 0, 0, 0], [0, 0, 0.5, 0, 0, 0]]",3,"[ 0.77016839 -0.11318363  0.35451939  0.51802135  0.66550263 -0.16074041
  0.42351452  0.59321516  0.61140657 -0.12551515  0.5924707   0.50931957
  0.16825017  0.10761344 -0.05739618  0.22456787  0.11206577 -0.71830951
  0.08953507  0.058984    0.00873892  0.32236308 -0.1795437  -0.66364855
  0.17572064  0.11324503  0.02435761 -0.18891522 -0.12717968 -1.15210913
  0.21963296  0.11738013  0.19950099  0.31323451  0.21121442  0.11488221
  1.27901844  1.2978915   1.30321811]",-0.05774113557520291,False
"[[-0.5, 0, 0, 0, 0, 0], [0.5, 0, 0, 0, 0, 0]]",3,"[ 0.76959342 -0.10564541  0.34484583  0.52692159  0.66227639 -0.15087977
  0.41515656  0.6052027   0.61500303 -0.1069959   0.58231206  0.52080305
  0.21109459  0.1381437  -0.11291562  0.31790504  0.11219126 -0.91167112
  0.10504299  0.07461256 -0.04895775  0.38495883 -0.1962563  -0.94635997
  0.21853715  0.14172478 -0.02115218 -0.25610767 -0.14215251 -1.20915032
  0.22194845  0.12330594  0.20196734  0.31602567  0.21512982  0.12016625
  1.27830238  1.29675257  1.30146312]",-0.09944481921818532,False
"[[-0.5, 0, 0, 0, 0, 0], [0.5, 0, 0, 0, 0, 0]]",3,"[ 0.76810118 -0.09691663  0.33352893  0.53794628  0.65902576 -0.13464138
  0.40095561  0.62192551  0.61940031 -0.08468225  0.56928893  0.53393098
  0.25262449  0.16906956 -0.16688167  0.41864017  0.12665488 -0.95526069
  0.12944018  0.09475511 -0.07146842  0.45414975 -0.24398765 -1.321627
  0.26224627  0.18224851 -0.05270984 -0.3247334  -0.12725271 -1.66961356
  0.22293461  0.13012102  0.20553964  0.31848943  0.21889478  0.12658043
  1.2778258   1.29536068  1.29968113]",-0.14434613011109548,1
"[[0, -0.5, 0, 0, 0, 0], [0, 0.5, 0, 0, 0, 0]]",3,"[ 0.76731328 -0.02981949  0.26257783  0.58428932  0.6640372  -0.05994622
  0.34155845  0.66241896  0.65052581  0.01728742  0.49875078  0.57250762
  0.11774191  0.06393432 -0.05760408  0.13326875  0.07949011 -0.85098574
  0.07364816  0.0380747   0.04415381  0.00764263 -0.10684525 -0.43864859
  0.15447721  0.07711876  0.0182802  -0.36558993  0.03336673 -1.13394767
  0.21932672  0.13781609  0.22322609  0.3212369   0.21318935  0.13978897
  1.27918354  1.29362611  1.29639317]",-0.03167130418194952,False
"[[0, 0, 0, 0, -0.5, 0], [0, 0, 0, 0, 0.5, 0]]",3,"[ 0.76686168 -0.01630341  0.24997856  0.59090446  0.66371971 -0.04818371
  0.33238188  0.66833881  0.65420798  0.03505543  0.48596065  0.57846805
  0.10870943  0.05396792 -0.03202907  0.08620586  0.0777743  -0.95193783
  0.07950895  0.04595502  0.07598349  0.05968072 -0.11581324 -0.88358374
  0.15072248  0.06731259  0.04111869 -0.37174797 -0.01404855 -1.14535442
  0.22007641  0.13984398  0.22572201  0.321059    0.21159973  0.14357481
  1.27916179  1.29364481  1.29529568]",-0.029104716791971796,False
"[[0, 0, 0, 0, -0.5, 0], [0, 0, 0, 0, 0.5, 0]]",3,"[ 7.66449701e-01  6.05564576e-04  2.35089618e-01  5.97735193e-01
  6.62801229e-01 -3.53199161e-02  3.22013044e-01  6.75096018e-01
  6.57486205e-01  5.25856319e-02  4.74191608e-01  5.83171468e-01
  9.97389076e-02  5.57420103e-02 -2.06362738e-02  6.24993009e-02
  5.66052238e-02 -1.24422019e+00  7.72851047e-02  3.70320455e-02
  9.60610132e-02  7.73301572e-02 -1.25372867e-01 -6.85921873e-01
  1.49744701e-01  6.78326291e-02  5.52633334e-02 -4.07295680e-01
 -4.69155676e-02 -9.96925869e-01  2.22073631e-01  1.43846083e-01
  2.28906699e-01  3.21537011e-01  2.09586553e-01  1.48684617e-01
  1.27883583e+00  1.29348719e+00  1.29372276e+00]",-0.024014027155903644,False
"[[0, 0, 0, -0.5, 0, 0], [0, 0, 0, 0.5, 0, 0]]",3,"[ 7.66008229e-01  1.51749363e-02  2.21829045e-01  6.03152542e-01
  6.60834323e-01 -2.57355583e-02  3.15170463e-01  6.80663836e-01
  6.60172189e-01  7.56227478e-02  4.57036622e-01  5.91245639e-01
  9.56226478e-02  4.77740827e-02  5.72187631e-04  3.53864803e-02
  8.86389960e-02 -8.22013261e-01  7.29368741e-02  4.55259890e-02
  1.26883697e-01  1.30914551e-01 -1.39166090e-01 -7.88447236e-01
  1.47663302e-01  7.16692924e-02  7.55588311e-02 -3.97848844e-01
 -1.79755983e-02 -1.55257748e+00  2.24692061e-01  1.49093805e-01
  2.32698291e-01  3.20638001e-01  2.09270810e-01  1.54694560e-01
  1.27835474e+00  1.29283977e+00  1.29220657e+00]",-0.017595716479370527,False
"[[-0.5, 0, 0, 0, 0, 0], [0.5, 0, 0, 0, 0, 0]]",3,"[ 0.76579239  0.02660389  0.21021444  0.60717719  0.65869243 -0.01380147
  0.3050673   0.6876538   0.66347216  0.09520952  0.44185215  0.59624367
  0.10071087  0.05844042  0.00975742  0.02923555  0.12392074 -0.63300063
  0.06062394  0.04580253  0.11162026  0.13489388 -0.09881163 -1.0102584
  0.14360781  0.07638423  0.07634655 -0.44557967  0.03225543 -1.22576337
  0.22589079  0.15548204  0.23638052  0.32069     0.21048943  0.16114179
  1.27807963  1.29184966  1.29048561]",-0.016494511329231534,1
"[[0, 0, 0, 0, -0.5, 0], [0, 0, 0, 0, 0.5, 0]]",3,"[ 0.59508031  0.37408907 -0.19912784  0.68285057  0.45071989  0.44951232
 -0.13174112  0.75989114  0.57027869  0.50848746 -0.14802158  0.62794294
  0.29665189  0.19346313 -0.03928855  0.73232707  0.6751877  -3.25802618
  0.53249017  0.35005508  0.04724999  0.58885074 -0.34010364 -3.35150104
  0.48470337  0.32203155 -0.18929585 -0.31429736  0.57396777 -3.4476267
  0.12650366  0.23621272  0.18626     0.1745697   0.17848728  0.20723039
  1.30850773  1.29242267  1.29214864]",-0.41852107988292875,False
"[[0, 0, -0.5, 0, 0, 0], [0, 0, 0.5, 0, 0, 0]]",3,"[ 0.55483579  0.40662388 -0.24996355  0.68141947  0.41051468  0.4865127
 -0.17535101  0.75102271  0.53772279  0.53644451 -0.19942505  0.61912126
  0.31308296  0.20603306 -0.09073572  0.69224516  0.86840287 -3.41393923
  0.55552703  0.36990228 -0.0394086   0.60046092 -0.36706752 -3.53958235
  0.48436225  0.32215409 -0.27311603 -0.33413993  0.62838638 -3.41442454
  0.12687205  0.23972502  0.18919393  0.17396948  0.17813953  0.21168242
  1.30832761  1.29190568  1.29122525]",-0.43213659365499646,False
"[[0, -0.5, 0, 0, 0, 0], [0, 0.5, 0, 0, 0, 0]]",3,"[ 0.51962889  0.43487582 -0.29178565  0.67507776  0.38011935  0.51583615
 -0.20362434  0.74024285  0.50527619  0.56411136 -0.24563023  0.60509514
  0.21099958  0.09662983  0.26378686  0.34417071  0.22148502 -1.79965148
  0.40076614  0.17545634  0.27661001  0.32611177 -0.69372538 -1.96051023
  0.32135578  0.15725509  0.1208139  -0.31956906 -0.04116341 -2.97208874
  0.12848491  0.24209936  0.19260273  0.17264308  0.17944604  0.21763971
  1.30799354  1.29104354  1.29035434]",-0.3129081275419271,False
"[[-0.5, 0, 0, 0, 0, 0], [0.5, 0, 0, 0, 0, 0]]",3,"[ 0.49764957  0.45276617 -0.31641888  0.66875018  0.3555378   0.54232267
 -0.22725839  0.7265209   0.48308007  0.58605175 -0.27608521  0.58902797
  0.18734673  0.08376359  0.22595226  0.26092174  0.21947414 -1.90002886
  0.33134817  0.1410391   0.21811018  0.29586197 -0.57354184 -2.03632
  0.26792889  0.12273085  0.10284976 -0.30994001 -0.07740975 -1.89511747
  0.13050116  0.24463934  0.19685667  0.17644343  0.18295815  0.22228718
  1.30714167  1.28973367  1.2892475 ]",-0.2003489196543622,False
"[[0, 0, 0, 0, -0.5, 0], [0, 0, 0, 0, 0.5, 0]]",3,"[ 0.47535616  0.47007277 -0.34208838  0.66033602  0.33332299  0.56343526
 -0.24813663  0.71404811  0.46694492  0.60133565 -0.29847667  0.57556021
  0.16490576  0.06636764  0.20488617  0.20030979  0.21953784 -1.75331175
  0.2870442   0.11376474  0.1806867   0.24113694 -0.42006573 -1.63489525
  0.23042458  0.0971154   0.09241642 -0.2658636  -0.08375525 -1.56679032
  0.13379622  0.24773761  0.20147572  0.18064958  0.1854318   0.22705481
  1.30609808  1.2884885   1.28797502]",-0.15843302354152383,1
"[[0, 0, -0.5, 0, 0, 0], [0, 0, 0.5, 0, 0, 0]]",3,"[ 0.54909752  0.41163754 -0.26385411  0.67781078  0.50139909  0.42942451
 -0.1840276   0.7282358   0.66631056  0.38414549 -0.04835637  0.63727871
 -0.27896915 -0.11212025 -0.2921597  -0.39847839 -0.24615225  3.30989306
 -0.48261591 -0.19474045 -0.39318612 -0.19009111  0.35132988  2.93591503
 -0.55767139 -0.22381751 -0.1545248   0.52806815 -0.36777061  3.61017141
  0.09430397  0.12641425  0.12156136  0.24652567  0.100099    0.17186565
  1.30796178  1.31673797  1.30787078]",0.5514715737457058,True
"[[0, 0, 0, -0.5, 0, 0], [0, 0, 0, 0.5, 0, 0]]",3,"[ 5.79809349e-01  3.80987970e-01 -2.23647152e-01  6.84581067e-01
  5.32686362e-01  3.88477524e-01 -1.37125577e-01  7.39274664e-01
  6.81977127e-01  3.50131423e-01 -1.01587776e-04  6.42117726e-01
 -2.11683780e-01 -1.22800779e-01 -4.91044185e-02 -6.28611079e-01
 -5.51391724e-01  2.14840900e+00 -3.95529247e-01 -2.30642589e-01
 -1.70856563e-01 -4.60900531e-01  5.86962130e-02  4.05850455e+00
 -4.99317372e-01 -2.75318309e-01  5.59772977e-02  2.02234998e-01
 -5.97352356e-01  2.59737641e+00  9.63094951e-02  1.25804085e-01
  1.19457846e-01  2.43755682e-01  1.02663865e-01  1.69335249e-01
  1.30762167e+00  1.31646216e+00  1.30861927e+00]",0.5695474970853254,True
"[[0, 0, 0, 0, -0.5, 0], [0, 0, 0, 0, 0.5, 0]]",3,"[ 0.62022775  0.33952637 -0.17207813  0.68587791  0.55983783  0.35430469
 -0.10124503  0.7421585   0.70184326  0.31212457  0.050814    0.63828851
 -0.21672391 -0.13446835  0.02952031 -0.84435764 -0.49118534  3.57243263
 -0.38757476 -0.22073137 -0.13255349 -0.45610834  0.19067693  2.84862776
 -0.50596223 -0.28975948  0.07409222  0.10578659 -0.61214268  3.1733468
  0.09965548  0.12892796  0.12130854  0.24316166  0.10543936  0.16937851
  1.30660529  1.31571562  1.30825363]",0.5198675222405567,False
"[[0, -0.5, 0, 0, 0, 0], [0, 0.5, 0, 0, 0, 0]]",3,"[ 6.50980375e-01  3.07313465e-01 -1.30553218e-01  6.81717568e-01
  5.90564577e-01  3.09445611e-01 -5.21049014e-02  7.43479639e-01
  7.15050066e-01  2.82460352e-01  9.51324738e-02  6.32352247e-01
 -2.39643220e-01 -1.50617301e-01 -3.43726354e-03 -7.55017935e-01
 -5.24938845e-01  2.93400322e+00 -3.94408178e-01 -2.33231312e-01
 -1.91315451e-01 -4.62846039e-01  1.70856070e-01  3.76373348e+00
 -5.45508826e-01 -3.11979277e-01  3.06527427e-03  1.58076543e-01
 -6.95515764e-01  2.65506833e+00  1.05170349e-01  1.30506283e-01
  1.25358150e-01  2.44454973e-01  1.08647314e-01  1.71753072e-01
  1.30495137e+00  1.31506275e+00  1.30767037e+00]",0.5487678447936949,False
"[[-0.5, 0, 0, 0, 0, 0], [0.5, 0, 0, 0, 0, 0]]",3,"[ 0.67410384  0.27173947 -0.08782168  0.68119676  0.61056868  0.26874971
 -0.01045828  0.74489603  0.72004073  0.26118792  0.13041749  0.62953435
 -0.15376411 -0.06900295  0.2676917  -0.29665262 -0.21972533  2.7193413
 -0.26534949 -0.10679186  0.10834499  0.03055091  0.27947262  2.37858413
 -0.390781   -0.14979709  0.22841394  0.42656991 -0.51707383  1.95603985
  0.10855377  0.13026475  0.13214918  0.24784059  0.11178111  0.17522212
  1.30321375  1.31469671  1.30663507]",0.42090208724967526,1
"[[0, 0, -0.5, 0, 0, 0], [0, 0, 0.5, 0, 0, 0]]",3,"[ 0.70589257  0.20499425 -0.01379996  0.6778662   0.63285892  0.20309221
  0.05199902  0.74534505  0.72709202  0.19570155  0.21196452  0.62298406
 -0.10213888 -0.03975117  0.16116138 -0.19344051 -0.1071912   1.5406963
 -0.15773115 -0.05910153  0.04719218  0.03484141  0.14663494  1.54109453
 -0.25179425 -0.09218818  0.10952659  0.3523211  -0.30300533  1.58627413
  0.11475071  0.13143135  0.13582744  0.2548438   0.11909444  0.17667371
  1.30091269  1.31369735  1.30584253]",0.29546501287611837,False
"[[0, 0, -0.5, 0, 0, 0], [0, 0, 0.5, 0, 0, 0]]",3,"[ 0.71372081  0.18817528  0.00394855  0.67466812  0.63755702  0.18307874
  0.07203242  0.74485875  0.72745415  0.17563776  0.23624791  0.61979736
 -0.07348574 -0.02024257  0.16686399 -0.24113137 -0.07592043  1.11003029
 -0.1160998  -0.03702632  0.06632969  0.08070111  0.10153145  1.26784223
 -0.19501446 -0.06336711  0.11776591  0.27197275 -0.27463446  1.28297511
  0.11919522  0.13360685  0.13606995  0.25727558  0.12420924  0.17809674
  1.29964084  1.31280995  1.30554239]",0.24175219970285414,False
"[[-0.5, 0, 0, 0, 0, 0], [0.5, 0, 0, 0, 0, 0]]",3,"[ 0.7215082   0.16996808  0.02165587  0.67087092  0.63985182  0.16936733
  0.08460082  0.74481344  0.7270323   0.16385235  0.25188477  0.61735768
 -0.0626524  -0.02322517  0.15381214 -0.20991303 -0.03710571  1.22486654
 -0.10024061 -0.03344747  0.06709326  0.08016881  0.10931354  0.78122895
 -0.14970141 -0.04781602  0.09513533  0.14843651 -0.21108295  0.55289454
  0.12328363  0.13686241  0.13850056  0.25977144  0.1300118   0.18093967
  1.29815271  1.31169432  1.30483911]",0.21786298215077815,False
"[[0, 0, -0.5, 0, 0, 0], [0, 0, 0.5, 0, 0, 0]]",3,"[ 0.72651744  0.16057268  0.03074937  0.66741539  0.64138194  0.15707898
  0.09693501  0.74468719  0.72619272  0.15664066  0.26298531  0.61558636
 -0.03340265 -0.00891816  0.13920442 -0.19429501 -0.02039787  0.61810214
 -0.06096476 -0.01888596  0.07376333  0.10323296  0.05379962  0.69509345
 -0.10252355 -0.02999255  0.09997635  0.12197751 -0.20711393  0.50275019
  0.12825285  0.14069438  0.1407668   0.26250583  0.13596491  0.18468267
  1.29653889  1.31046975  1.30408622]",0.17637528985312273,False
"[[0, 0, 0, 0, -0.5, 0], [0, 0, 0, 0, 0.5, 0]]",3,"[ 0.72988218  0.15589489  0.03523422  0.66462571  0.64129845  0.15055827
  0.1030052   0.74529084  0.72504522  0.15393867  0.27040954  0.61440295
 -0.02107917  0.0038892   0.10406032 -0.16194096 -0.01138063  0.17011693
 -0.03698277 -0.00482811  0.06624334  0.09615399  0.03328429  0.37321413
 -0.06331611 -0.01037481  0.08350376  0.0482719  -0.20967124  0.13293946
  0.13423641  0.14543707  0.1446998   0.26566415  0.14038479  0.18851319
  1.29475101  1.30931407  1.30307941]",0.1455191899214576,1
"[[0, 0, -0.5, 0, 0, 0], [0, 0, 0.5, 0, 0, 0]]",3,"[ 0.73875982 -0.22066674  0.36283079  0.52334877  0.65469266 -0.19522856
  0.3240032   0.65443507  0.59140632 -0.22565483  0.56573689  0.52845079
  0.43355678  0.19845382 -0.19418093  0.55738924  0.07812463 -2.74872306
  0.28669175  0.12002028 -0.05775941  0.2286671  -0.58789956 -2.15102238
  0.4539387   0.19986496  0.00904378 -0.4937803  -0.23767532 -2.5480068
  0.18510826  0.15194792  0.16482322  0.26769561  0.16967556  0.12998071
  1.28871431  1.30371235  1.30437181]",-0.32052315852081437,False
"[[0, 0, 0, -0.5, 0, 0], [0, 0, 0, 0.5, 0, 0]]",3,"[ 0.7447826  -0.18233865  0.32816407  0.55168817  0.65467967 -0.15920871
  0.30005138  0.67528978  0.60586257 -0.18390846  0.54013028  0.55440735
  0.44328863  0.18956624 -0.23162843  0.5886897   0.08275699 -3.15861124
  0.29841116  0.11107065 -0.04268733  0.25322399 -0.5217538  -2.36796922
  0.50426643  0.21188789  0.01427892 -0.53119322 -0.25028708 -3.19605829
  0.18852269  0.15076589  0.16817107  0.268471    0.1686253   0.12970314
  1.2881705   1.30362834  1.30422884]",-0.3455144291431692,False
"[[0, 0, 0, -0.5, 0, 0], [0, 0, 0, 0.5, 0, 0]]",3,"[ 0.75197319 -0.14936719  0.29562254  0.56994129  0.657697   -0.12974789
  0.27774063  0.6880845   0.62105452 -0.14677441  0.51364245  0.57351546
  0.30993322  0.1008672   0.04332709  0.15148579  0.272694   -2.21250085
  0.2059951   0.05744293  0.17136614  0.08880021 -0.27360289 -1.78116887
  0.37180185  0.11416124  0.20575906 -0.60364109  0.04921964 -2.4026008
  0.19285316  0.15122908  0.17310623  0.26948484  0.16768676  0.13125279
  1.2873783   1.303299    1.30367683]",-0.22103810974524934,False
"[[0, 0, 0, -0.5, 0, 0], [0, 0, 0, 0.5, 0, 0]]",3,"[ 0.75769599 -0.1221186   0.26793206  0.58240556  0.65820963 -0.10819388
  0.26146945  0.6976302   0.63509459 -0.10945831  0.48482631  0.59128436
  0.24485171  0.07581384  0.04347328  0.09721625  0.24406312 -1.58896742
  0.16457543  0.03485001  0.1996344   0.12963489 -0.26646547 -0.89539894
  0.31777019  0.09874483  0.20065846 -0.58675087  0.02420389 -2.87521929
  0.19736357  0.15486989  0.17753073  0.26901225  0.17026892  0.13512405
  1.28659128  1.30200814  1.30286524]",-0.16516730292684884,False
"[[0, 0, -0.5, 0, 0, 0], [0, 0, 0.5, 0, 0, 0]]",3,"[ 7.62136161e-01 -9.82836280e-02  2.43531318e-01  5.91761182e-01
  6.57069242e-01 -9.05781948e-02  2.48673581e-01  7.05844920e-01
  6.45595030e-01 -7.83275326e-02  4.61233026e-01  6.03602478e-01
  2.20151204e-01  6.29829257e-02  4.86869032e-02  5.49429744e-02
  2.28259240e-01 -1.47618371e+00  1.63822596e-01  3.04628418e-02
  1.73020636e-01  1.46863719e-01 -2.41954782e-01 -9.46175054e-01
  2.85451672e-01  7.77582467e-02  1.66361299e-01 -5.02592550e-01
 -8.84247524e-04 -1.88913535e+00  2.01954562e-01  1.60034954e-01
  1.80109911e-01  2.69969225e-01  1.74215390e-01  1.40413664e-01
  1.28571688e+00  1.30023393e+00  1.30191356e+00]",-0.13457627665542674,1
"[[-0.5, 0, 0, 0, 0, 0], [0.5, 0, 0, 0, 0, 0]]",3,"[ 0.7665642  -0.05898652  0.20023078  0.60729528  0.65454586 -0.05091627
  0.21767176  0.72221621  0.66485741 -0.01867501  0.41286729  0.62221899
  0.16246661  0.05663886  0.00796133  0.06441498  0.18845583 -0.74498328
  0.11098802  0.0383955   0.1107718   0.11491946 -0.1397458  -1.09828626
  0.21387152  0.06865561  0.08593902 -0.47409235  0.09835144 -1.38640702
  0.20475081  0.16983727  0.18448221  0.26999742  0.17973155  0.15113654
  1.28532164  1.29735407  1.30001131]",-0.07356118054970642,False
"[[0, 0, -0.5, 0, 0, 0], [0, 0, 0.5, 0, 0, 0]]",3,"[ 7.67895453e-01 -4.60698944e-02  1.85559837e-01  6.11376877e-01
  6.52773861e-01 -3.70791886e-02  2.06447823e-01  7.27935929e-01
  6.71155666e-01 -1.12584709e-03  3.98098753e-01  6.25352850e-01
  1.48826891e-01  4.41544618e-02  3.21285711e-02  1.57166112e-02
  1.58957744e-01 -1.00642901e+00  1.25090462e-01  2.71791321e-02
  1.29726893e-01  1.45406572e-01 -1.75518161e-01 -7.90382536e-01
  2.06120174e-01  5.44496813e-02  1.04576377e-01 -4.10857267e-01
  4.07108735e-02 -1.11928852e+00  2.04885295e-01  1.74979867e-01
  1.85249231e-01  2.70463678e-01  1.82956404e-01  1.56399480e-01
  1.28528138e+00  1.29596147e+00  1.29910435e+00]",-0.06472975128763697,False
"[[-0.5, 0, 0, 0, 0, 0], [0.5, 0, 0, 0, 0, 0]]",3,"[ 0.76890349 -0.03767063  0.1743308   0.61398462  0.6507441  -0.02365801
  0.1950655   0.73343157  0.67671258  0.01646034  0.38333644  0.6283648
  0.14781599  0.04463871  0.03004326  0.02799537  0.18704547 -0.53015529
  0.10547268  0.02939535  0.11771294  0.13255973 -0.13021041 -0.96219457
  0.19175882  0.05569964  0.08975875 -0.4072165   0.05109312 -1.17609935
  0.20520838  0.18061996  0.18735327  0.27182685  0.18718924  0.1620895
  1.28500383  1.2943732   1.2980085 ]",-0.052972367626426126,False
"[[-0.5, 0, 0, 0, 0, 0], [0.5, 0, 0, 0, 0, 0]]",3,"[ 0.76964433 -0.03244508  0.16533305  0.61584082  0.64862277 -0.00955189
  0.18199133  0.73896984  0.68193526  0.03369521  0.36855707  0.63086815
  0.13859272  0.04807901  0.02348096 -0.00210894  0.1964038  -0.60860207
  0.10123437  0.03179853  0.11206084  0.13549969 -0.11771068 -0.96893503
  0.18628527  0.05769439  0.08096571 -0.41060254  0.04702381 -1.13431329
  0.2050292   0.18659771  0.19063861  0.27378178  0.19159641  0.16818156
  1.2846868   1.29276622  1.29670569]",-0.04656358102373459,False
"[[0, 0, 0, -0.5, 0, 0], [0, 0, 0, 0.5, 0, 0]]",3,"[ 7.70487696e-01 -2.39266831e-02  1.54316088e-01  6.18031366e-01
  6.45996533e-01  1.23021341e-03  1.73217804e-01  7.43426229e-01
  6.86095926e-01  5.44592882e-02  3.50526063e-01  6.35167731e-01
  1.30518886e-01  4.22666536e-02  2.98217623e-02 -2.47425480e-02
  1.63071405e-01 -9.42253686e-01  1.15291317e-01  2.75451544e-02
  1.22760326e-01  1.49061417e-01 -1.51592572e-01 -6.82165892e-01
  1.94571877e-01  5.59979340e-02  9.10563511e-02 -3.84519904e-01
  2.17822048e-02 -1.31186901e+00  2.06550769e-01  1.92899980e-01
  1.94536061e-01  2.74140023e-01  1.95906459e-01  1.74521189e-01
  1.28421183e+00  1.29106031e+00  1.29541377e+00]",-0.04739343233875787,1
"[[0, -0.5, 0, 0, 0, 0], [0, 0.5, 0, 0, 0, 0]]",3,"[ 0.76254611  0.07549312  0.04136645  0.64118097  0.6180366   0.13047408
  0.05677233  0.77316504  0.71909265  0.19060316  0.1656452   0.64740858
  0.22226008  0.06395599 -0.10931158  0.15245845  0.24277517 -1.29646418
  0.26771514  0.08374334  0.02091331  0.07133952 -0.29447315 -1.39910662
  0.3484033   0.10627753 -0.0652218  -0.46040658  0.29659361 -1.87820771
  0.15892969  0.23345861  0.18471144  0.21477209  0.20045208  0.20810205
  1.29734803  1.2880161   1.2923769 ]",-0.17293504265878862,False
"[[0, 0, 0, 0, -0.5, 0], [0, 0, 0, 0, 0.5, 0]]",3,"[ 0.75763244  0.09826818  0.01589863  0.64504549  0.61187556  0.15562982
  0.03543274  0.77468199  0.71856639  0.2151166   0.1373221   0.64693881
  0.2584187   0.07545279 -0.13324241  0.16836909  0.27520703 -1.79756172
  0.32488846  0.0972525   0.00833102  0.08419801 -0.35486145 -1.72815301
  0.40619028  0.12193862 -0.09483258 -0.48221984  0.16110449 -1.96875916
  0.15708005  0.23534096  0.18594825  0.21176356  0.19918689  0.21122001
  1.29777138  1.28811368  1.29189545]",-0.22602328770902608,False
"[[-0.5, 0, 0, 0, 0, 0], [0.5, 0, 0, 0, 0, 0]]",3,"[ 0.75176367  0.11943592 -0.01033846  0.64844395  0.60369411  0.1847333
  0.01019491  0.77545026  0.71649438  0.24327736  0.10599215  0.64514928
  0.30216825  0.08731593 -0.15685937  0.17534465  0.3652546  -1.69187061
  0.36831807  0.11055386 -0.00274496  0.1050594  -0.39108595 -2.07737334
  0.45484811  0.13564457 -0.1282397  -0.55733602  0.17949076 -2.18317793
  0.15639905  0.2377257   0.18890651  0.21166891  0.19960269  0.21489778
  1.29762082  1.28783113  1.29104842]",-0.2693602457895897,False
"[[-0.5, 0, 0, 0, 0, 0], [0.5, 0, 0, 0, 0, 0]]",3,"[ 0.74438425  0.14214703 -0.03997267  0.65122077  0.59288426  0.21811487
 -0.01920266  0.77494865  0.71353039  0.27270698  0.07234126  0.64130494
  0.33657249  0.10215785 -0.19624523  0.16814259  0.43965301 -2.0637575
  0.42564407  0.12746536 -0.02960945  0.12603416 -0.45536183 -2.36407165
  0.51316639  0.1533507  -0.18034371 -0.64117718  0.1962735  -2.37677684
  0.15606168  0.2408936   0.1924539   0.21328341  0.20166232  0.21942612
  1.29723826  1.28711281  1.28995764]",-0.3219126754300259,False
"[[-0.5, 0, 0, 0, 0, 0], [0.5, 0, 0, 0, 0, 0]]",3,"[ 0.7346747   0.16761934 -0.07399914  0.65320821  0.57914618  0.25542006
 -0.05199658  0.77242906  0.70875327  0.30480783  0.03452565  0.63527078
  0.37695239  0.10906337 -0.25637535  0.21833516  0.50550915 -2.3713754
  0.48607867  0.13963052 -0.08105101  0.15261789 -0.52806547 -2.6906219
  0.56952208  0.16342039 -0.25746557 -0.72873153  0.23362968 -2.56466871
  0.15615054  0.24455668  0.19646271  0.21585309  0.20485713  0.22456308
  1.29668955  1.28607285  1.28871625]",-0.3725351209459117,1
"[[0, 0, 0, -0.5, 0, 0], [0, 0, 0, 0.5, 0, 0]]",3,"[ 0.65684365  0.28499997 -0.22472309  0.66093189  0.4920158   0.39512409
 -0.18026568  0.75452084  0.6478869   0.42860132 -0.14031448  0.61388543
  0.31864989  0.14826684 -0.0315295   0.65897248  0.59588562 -2.4931136
  0.49901354  0.22804221  0.05900249  0.55479989 -0.29120439 -2.39390571
  0.5020454   0.23948789 -0.14444975 -0.26085883  0.55992041 -3.12262643
  0.15049298  0.25778647  0.20190627  0.20335466  0.20758213  0.23909369
  1.29707416  1.28520282  1.28661772]",-0.38389395372544577,False
"[[0, 0, 0, -0.5, 0, 0], [0, 0, 0, 0.5, 0, 0]]",3,"[ 0.62981142  0.31270284 -0.26332199  0.66046654  0.46319451  0.42715016
 -0.21260148  0.74685621  0.62182053  0.45992859 -0.18782918  0.60541318
  0.33841613  0.15761886 -0.06681461  0.63356759  0.72385261 -2.60833956
  0.52226055  0.24585621  0.01962116  0.55029311 -0.31701753 -2.77945842
  0.50794956  0.24180582 -0.20298436 -0.28806808  0.5909375  -3.10754866
  0.15076013  0.26185903  0.20501616  0.19970779  0.20852497  0.24244441
  1.29720062  1.28454498  1.28590115]",-0.40107525173895375,False
"[[0, 0, 0, -0.5, 0, 0], [0, 0, 0, 0.5, 0, 0]]",3,"[ 0.59936845  0.33950865 -0.30425968  0.65796458  0.43117886  0.4597711
 -0.24641954  0.73618798  0.59201163  0.49058875 -0.23687828  0.59391379
  0.35205087  0.16319612 -0.10544921  0.65689836  0.83556532 -2.79387441
  0.55517628  0.26210798 -0.03780071  0.58625185 -0.34198387 -2.92225067
  0.51457555  0.24437075 -0.27290826 -0.30982271  0.63054424 -3.31391277
  0.1527791   0.26650728  0.20833138  0.19736735  0.21133594  0.24573082
  1.29689919  1.28345476  1.2851146 ]",-0.4199389261089598,False
"[[0, 0, 0, -0.5, 0, 0], [0, 0, 0, 0.5, 0, 0]]",3,"[ 0.56429162  0.36638118 -0.34788119  0.65293068  0.39543569  0.49301743
 -0.28155783  0.72200389  0.55734703  0.5209177  -0.28832159  0.5786879
  0.37027731  0.10923917 -0.02342866  0.53209423  0.41573087 -3.00058867
  0.56622419  0.18645663 -0.00441308  0.62929497 -0.37794049 -2.68324071
  0.53087148  0.18842884 -0.22998504 -0.35941016  0.58884641 -3.41348101
  0.15596211  0.27161637  0.21185233  0.19552516  0.21518406  0.24904845
  1.29634737  1.28210897  1.28426359]",-0.44001517915353516,False
"[[-0.5, 0, 0, 0, 0, 0], [0.5, 0, 0, 0, 0, 0]]",3,"[ 0.54376555  0.38895694 -0.37235478  0.64372622  0.37320105  0.51944561
 -0.29974207  0.70785021  0.53582136  0.54430411 -0.31826156  0.56154972
  0.21008145  0.05044345  0.21308544  0.29146807  0.17705514 -1.65768048
  0.3500539   0.08626292  0.22838561  0.37335087 -0.63020088 -1.85527162
  0.28793078  0.07871039  0.09250232 -0.29381222 -0.08474392 -2.12858818
  0.15658471  0.27706558  0.21590718  0.19361182  0.21868397  0.25425127
  1.29603606  1.28083406  1.2831795 ]",-0.20123799247974689,1
"[[0, 0, 0, -0.5, 0, 0], [0, 0, 0, 0.5, 0, 0]]",3,"[ 0.73443624  0.02322632  0.05867349  0.67573765  0.61974657  0.23635769
 -0.12273915  0.73823054  0.75062773  0.05152105  0.18175277  0.63314258
  0.04705058  0.02812955  0.08634745 -0.11491672  0.11966801 -0.02686209
  0.03300052  0.01087905  0.08045737  0.11950193  0.01587669 -0.02613074
  0.04609309  0.0179589   0.08192715 -0.11586294  0.0082793  -0.55976743
  0.04503321  0.14869133  0.10545436  0.21424362  0.1055767   0.14704496
  1.31704586  1.31447002  1.31389191]",0.07101770419080686,False
"[[0, -0.5, 0, 0, 0, 0], [0, 0.5, 0, 0, 0, 0]]",3,"[ 0.73564982  0.0284126   0.05050416  0.67487881  0.6185647   0.2353289
 -0.1194481   0.74008795  0.75126215  0.0645279   0.17235658  0.63382532
  0.08662054  0.03591513  0.05708569 -0.06178257  0.12365028 -0.61512309
  0.0841872   0.01498319  0.06210705  0.1574715  -0.06816813  0.18107385
  0.09945677  0.03047085  0.05797894 -0.14324462 -0.09190697 -0.97655138
  0.05003816  0.15148356  0.10926738  0.21615141  0.11175236  0.15291621
  1.31612331  1.31244322  1.31293203]",0.02088139542252536,False
"[[0, 0, -0.5, 0, 0, 0], [0, 0, 0.5, 0, 0, 0]]",3,"[ 0.73630523  0.04118951  0.03474013  0.67450067  0.61571215  0.23870624
 -0.11960953  0.74135784  0.75196757  0.07546665  0.16568593  0.63355957
  0.13771368  0.04847554  0.05897156 -0.10014989  0.16688058 -1.12732303
  0.13803684  0.0261776   0.07219247  0.21155443 -0.09835833 -0.31307654
  0.16491094  0.04317732  0.0575046  -0.15931282 -0.08756907 -0.85998921
  0.05686863  0.15455806  0.11279084  0.21887202  0.11884178  0.15837419
  1.31482683  1.31035588  1.31194793]",-0.038641416198240464,False
"[[0, -0.5, 0, 0, 0, 0], [0, 0.5, 0, 0, 0, 0]]",3,"[ 0.73592831  0.05586535  0.01663351  0.6745457   0.61254824  0.24304127
 -0.11898975  0.74266885  0.75169093  0.09708864  0.14983219  0.63488964
  0.16374323  0.059026    0.00931879 -0.04322115  0.18883862 -1.30875287
  0.17876974  0.04024123  0.0532164   0.19169263 -0.1729845  -0.27331604
  0.21743181  0.06237973  0.01869348 -0.20810955 -0.08346453 -1.51733881
  0.06506096  0.15705691  0.11743985  0.22208712  0.1269314   0.16372341
  1.31315829  1.30815221  1.31089341]",-0.07521128948821493,False
"[[0, 0, -0.5, 0, 0, 0], [0, 0, 0.5, 0, 0, 0]]",3,"[ 0.73420258  0.07731158 -0.00882498  0.67445653  0.60673426  0.2541167
 -0.12512645  0.7427258   0.75171432  0.11573675  0.13566094  0.63492259
  0.22070024  0.06487139 -0.00464024 -0.02572574  0.24668392 -1.70134113
  0.23537482  0.04762082  0.04679395  0.24377064 -0.20326265 -0.72438685
  0.28314589  0.06921974  0.01032203 -0.23745268 -0.02509619 -1.30528683
  0.07392074  0.16036086  0.12127307  0.22593721  0.13526964  0.1687757
  1.31134822  1.30595344  1.30984398]",-0.13722906654555922,1
"[[-0.5, 0, 0, 0, 0, 0], [0.5, 0, 0, 0, 0, 0]]",3,"[ 7.23636631e-01  1.26770887e-01 -7.25328445e-02  6.74550336e-01
  5.79302112e-01  3.07503903e-01 -1.68804684e-01  7.35768572e-01
  7.47644853e-01  1.82882845e-01  6.32171225e-02  6.35283114e-01
  2.79530593e-01  5.68175791e-02 -1.53616781e-01  1.25313074e-01
  3.49910516e-01 -1.90310497e+00  3.47469070e-01  7.05198046e-02
  5.65353750e-05  2.40257675e-01 -2.77088407e-01 -2.15757221e+00
  4.47836164e-01  9.49315249e-02 -1.42597545e-01 -3.92447462e-01
  3.70945665e-01 -2.63034783e+00  8.42744540e-02  1.72606450e-01
  1.27170311e-01  2.28860221e-01  1.55014251e-01  1.81502152e-01
  1.30888156e+00  1.30131306e+00  1.30761284e+00]",-0.2340367712760017,False
"[[0, -0.5, 0, 0, 0, 0], [0, 0.5, 0, 0, 0, 0]]",3,"[ 0.71408957  0.15188405 -0.10586565  0.67512946  0.5644057   0.33300315
 -0.19071794  0.7308774   0.7407621   0.21890151  0.02219646  0.63471329
  0.2207483   0.07398583  0.02634932  0.37375415  0.52076808 -2.23712403
  0.29329576  0.10404144  0.1532565   0.37325738 -0.06355488 -1.87788764
  0.3703042   0.12683605  0.02000931 -0.10784201  0.38400677 -2.36315844
  0.08857184  0.17677473  0.12954152  0.2298247   0.16271217  0.18592562
  1.30776223  1.29964014  1.30683664]",-0.24242933241117925,False
"[[0, 0, 0, 0, -0.5, 0], [0, 0, 0, 0, 0.5, 0]]",3,"[ 0.69837124  0.18406204 -0.14947032  0.67532022  0.54453391  0.35818771
 -0.2186216   0.72621552  0.7324995   0.2459563  -0.01136808  0.63468161
  0.20425299  0.06540947  0.03308448  0.38900677  0.54551368 -2.39411555
  0.30063168  0.09889348  0.15739997  0.37727242 -0.02421379 -1.94633113
  0.36065021  0.12078488  0.01359558 -0.12770605  0.34652944 -2.52960657
  0.09542189  0.18151436  0.13401659  0.23271685  0.16790667  0.19084879
  1.30629436  1.29792752  1.30556921]",-0.19868153767502555,False
"[[0, 0, 0, 0, -0.5, 0], [0, 0, 0, 0, 0.5, 0]]",3,"[ 0.68098042  0.21284765 -0.1892628   0.67464149  0.52445007  0.38124975
 -0.24421972  0.72108077  0.72064109  0.27867141 -0.04936976  0.63291491
  0.19797237  0.06145874  0.02653946  0.42120066  0.55037966 -2.41728895
  0.31356538  0.10000962  0.14598245  0.39066003 -0.01633315 -1.93675135
  0.35928909  0.11832399 -0.00457703 -0.14089918  0.33185739 -2.61570088
  0.10265054  0.18618812  0.14041267  0.23583462  0.17183407  0.19565562
  1.30465721  1.29634572  1.3041412 ]",-0.1985169644884031,False
"[[-0.5, 0, 0, 0, 0, 0], [0.5, 0, 0, 0, 0, 0]]",3,"[ 0.66400175  0.23479719 -0.22177093  0.67438091  0.50349245  0.40357965
 -0.26886628  0.71507324  0.70682096  0.31109106 -0.08778448  0.62922203
  0.21819513  0.07202256  0.00934673  0.42156674  0.52899788 -2.01922833
  0.33332352  0.11399122  0.12847362  0.40358843 -0.04026263 -1.96430235
  0.37026028  0.12744873 -0.02857099 -0.1724009   0.3484026  -2.57081067
  0.10829582  0.19116335  0.14710817  0.23945016  0.17647881  0.20082741
  1.30315329  1.2947602   1.30262872]",-0.21742680370505751,1
"[[0, -0.5, 0, 0, 0, 0], [0, 0.5, 0, 0, 0, 0]]",3,"[ 5.82008024e-01  3.52008143e-01 -3.36542468e-01  6.51226608e-01
  3.95542195e-01  5.05588792e-01 -3.64847206e-01  6.74398147e-01
  6.12653378e-01  4.51694593e-01 -2.87251163e-01  5.81476227e-01
  5.28046963e-03 -1.40461480e-03 -3.06264014e-05  1.16247675e-02
 -3.81447354e-03  6.39067565e-02 -2.28158343e-03 -5.56907420e-03
 -5.17176844e-03  8.11439960e-02  5.25937717e-03  3.19569723e-01
  4.37033415e-03  3.08061955e-03 -2.97586630e-03  2.05362589e-03
 -5.96763711e-04 -1.43980950e-01  8.22659660e-02  2.25512410e-01
  1.73074075e-01  2.01398126e-01  1.61449121e-01  2.40121449e-01
  1.30766032e+00  1.29508140e+00  1.29568462e+00]",0.08056815678637488,False
"[[0, 0, -0.5, 0, 0, 0], [0, 0, 0.5, 0, 0, 0]]",3,"[ 0.58308547  0.3500978  -0.33514007  0.65201533  0.39854752  0.50258878
 -0.35871285  0.67815152  0.61260896  0.4521122  -0.28632915  0.5816532
 -0.05073364 -0.01319995  0.01020902 -0.04860881  0.03742524  0.23651848
 -0.07578833 -0.02041916  0.00265898  0.06783617  0.0604274   0.49623213
 -0.07103976 -0.01187331  0.02820367  0.0666639  -0.07893531  0.11547084
  0.08360855  0.22636875  0.17413609  0.20186096  0.16482527  0.24266224
  1.30726906  1.2943389   1.29530132]",0.1484576855510139,False
"[[-0.5, 0, 0, 0, 0, 0], [0.5, 0, 0, 0, 0, 0]]",3,"[ 0.58701959  0.34351401 -0.32989609  0.65465616  0.40314272  0.49678204
 -0.35103882  0.68370702  0.61460811  0.45055826 -0.28146102  0.58312419
 -0.0277299  -0.01843751  0.03450108 -0.1395013   0.09498408  0.49962909
 -0.05762542 -0.01946704  0.03742363 -0.02823172  0.06308706  0.6013707
 -0.05229577 -0.01731434  0.06816661  0.0147467  -0.11461215  0.20209975
  0.08645846  0.22789522  0.17628913  0.2039279   0.16933521  0.24526739
  1.30640252  1.29336437  1.29466727]",0.1840845606697871,False
"[[0, 0, 0, 0, -0.5, 0], [0, 0, 0, 0, 0.5, 0]]",3,"[ 0.58719463  0.34145681 -0.33262553  0.65419414  0.40378911  0.49501606
 -0.34991727  0.6851798   0.6159757   0.45070406 -0.27998448  0.5822787
  0.01078869 -0.02042589  0.03957842 -0.05556078  0.18846925 -0.30874738
  0.02337621 -0.00647315  0.04373608  0.0556486   0.0780703  -0.09397968
  0.01993515 -0.00519     0.04271256 -0.0415316  -0.05316482 -0.20986413
  0.09149904  0.23042586  0.17964213  0.20747682  0.17317171  0.24764139
  1.30483213  1.29251655  1.29382854]",0.1004460625208018,False
"[[0, -0.5, 0, 0, 0, 0], [0, 0.5, 0, 0, 0, 0]]",3,"[ 0.58417619  0.34372456 -0.338911    0.65248061  0.40461334  0.49309584
 -0.34628021  0.68792045  0.61315086  0.45635851 -0.28328359  0.5792524
 -0.03372824 -0.02258962  0.05885392 -0.02552463  0.12432024 -0.03925017
 -0.04015685 -0.01889521  0.05589715  0.09419065  0.06912218  0.25862848
 -0.05047524 -0.00931273  0.05953533  0.04409098 -0.14381994 -0.424358
  0.09700351  0.23247998  0.18425713  0.21064728  0.17694048  0.25127315
  1.30317465  1.29153353  1.29283693]",0.12865036543308092,1
"[[0, -0.5, 0, 0, 0, 0], [0, 0.5, 0, 0, 0, 0]]",3,"[ 0.64383615  0.2735308  -0.2293979   0.676781    0.51720024  0.38825704
 -0.28434014  0.70775071  0.72086321  0.28071829 -0.08259642  0.62827646
  0.00351585 -0.0141252   0.06645058 -0.0340544   0.03274589 -0.04710488
 -0.00328774 -0.02070348  0.06387784  0.07009594  0.07408714  0.44719339
 -0.00599398 -0.01626789  0.07531239 -0.06798738 -0.107977   -0.68987616
  0.06030645  0.16349692  0.14444876  0.24173051  0.09609742  0.19959214
  1.31024233  1.31160909  1.30436543]",0.11181255866177697,False
"[[-0.5, 0, 0, 0, 0, 0], [0.5, 0, 0, 0, 0, 0]]",3,"[ 0.6447415   0.2721481  -0.22949717  0.6764428   0.51891641  0.38348254
 -0.27862309  0.71136213  0.71854962  0.29057733 -0.08936255  0.62551226
  0.02053864 -0.00512855  0.07155206 -0.07960517  0.0571009   0.06366143
  0.00968047 -0.01196588  0.07157362  0.07842147  0.05799     0.37938249
  0.00777799 -0.00894265  0.08059518 -0.08053853 -0.09069733 -0.6679263
  0.06328622  0.16618373  0.15040559  0.24438213  0.09874308  0.20575443
  1.30927936  1.31065954  1.30284778]",0.09514177310449506,False
"[[0, 0, 0, -0.5, 0, 0], [0, 0, 0, 0.5, 0, 0]]",3,"[ 0.64572769  0.27129469 -0.23160273  0.675126    0.52051092  0.37874547
 -0.27233446  0.71516026  0.71449029  0.30379324 -0.09923741  0.62238672
  0.02764411 -0.00183844  0.06046499 -0.12940135  0.0919441  -0.22799913
  0.02323263 -0.01023281  0.06899272  0.09532906  0.0388836   0.43556859
  0.02215055 -0.00319419  0.06816804 -0.06701759 -0.07935394 -0.89328585
  0.0681371   0.16997164  0.15666782  0.24551134  0.10332752  0.21176297
  1.30799994  1.30929243  1.30134171]",0.08188641691862147,False
"[[0, 0, 0, -0.5, 0, 0], [0, 0, 0, 0.5, 0, 0]]",3,"[ 6.45898629e-01  2.72460004e-01 -2.36970016e-01  6.72625987e-01
  5.21921784e-01  3.74241408e-01 -2.65784010e-01  7.18957495e-01
  7.09031097e-01  3.19022738e-01 -1.11145705e-01  6.18987907e-01
  4.06538185e-02 -1.74557329e-03  5.61259697e-02 -1.45180538e-01
  1.20465253e-01 -2.93022486e-01  3.48253697e-02 -1.08904193e-02
  6.71960134e-02  1.10086386e-01  3.93911432e-02  3.69343722e-01
  3.26785876e-02 -1.15187399e-03  5.59780415e-02 -5.32739912e-02
 -6.74554735e-02 -1.02162411e+00  7.45476015e-02  1.74550436e-01
  1.62932023e-01  2.45584281e-01  1.09265693e-01  2.17431308e-01
  1.30646842e+00  1.30762160e+00  1.29993968e+00]",0.07070982024123458,False
"[[0, 0, 0, 0, -0.5, 0], [0, 0, 0, 0, 0.5, 0]]",3,"[ 0.64145446  0.28211461 -0.25167457  0.66753833  0.5223208   0.37092579
 -0.26133144  0.72201171  0.70328666  0.33404278 -0.1229472   0.61537573
  0.05285646  0.02253592  0.05369238 -0.08383341  0.17157614 -1.41206921
  0.0319666  -0.00987282  0.07928108  0.08795375  0.05348668  0.01959172
  0.02816051 -0.00423342  0.05959388 -0.05871683 -0.07057769 -0.86458908
  0.08145451  0.17942046  0.16964193  0.24708728  0.11420215  0.22276887
  1.30493176  1.30580045  1.29859588]",0.06777035656613825,1
"[[0, 0, 0, -0.5, 0, 0], [0, 0, 0, 0.5, 0, 0]]",3,"[ 0.58037083  0.35330602 -0.36028057  0.63917327  0.43314226  0.47712053
 -0.33970631  0.68508642  0.61536886  0.45187456 -0.30459886  0.56951741
  0.11889176  0.01095244  0.01337485  0.11069251 -0.04254566 -0.76098404
  0.18347573  0.025178    0.02612551  0.22796993 -0.18352424 -1.04496488
  0.17657853  0.03240191 -0.0701584  -0.09797597  0.15930359 -1.37972699
  0.08451746  0.20973757  0.16878135  0.20818841  0.16626777  0.25178752
  1.30491435  1.29520855  1.29763493]",-0.07522814507415032,False
"[[0, -0.5, 0, 0, 0, 0], [0, 0.5, 0, 0, 0, 0]]",3,"[ 0.57402145  0.36219564 -0.3688736   0.6350165   0.42522184  0.48659615
 -0.34560486  0.68041742  0.6042183   0.46570558 -0.32052413  0.56151833
  0.05900077  0.0056759   0.04624576  0.06483292  0.04194736 -0.66022754
  0.09979296  0.01115539  0.05437315  0.17148373 -0.14476242 -0.45956482
  0.0917833   0.0168715  -0.00398384 -0.05298529  0.02523934 -1.08695559
  0.08521098  0.21267011  0.17103396  0.20461391  0.16787106  0.25396585
  1.30489887  1.29475282  1.29718639]",0.0031470205154780495,False
"[[0, 0, -0.5, 0, 0, 0], [0, 0, 0.5, 0, 0, 0]]",3,"[ 5.68848661e-01  3.68395610e-01 -3.76774775e-01  6.31455972e-01
  4.20585152e-01  4.92500101e-01 -3.47666823e-01  6.77996726e-01
  5.97027701e-01  4.75265681e-01 -3.29696250e-01  5.55860450e-01
  4.49291416e-03 -1.07333924e-03  5.15692927e-02  1.94331392e-03
  7.45164830e-02 -4.96203884e-01  2.69822497e-02  3.39566391e-03
  5.85699450e-02  1.49691534e-01 -1.05222104e-01 -2.49662013e-01
  2.12056864e-02  9.86310179e-03  3.20235981e-02 -5.15915043e-03
 -4.42253289e-02 -5.80001760e-01  8.84760924e-02  2.15181453e-01
  1.73198745e-01  2.03999960e-01  1.71550021e-01  2.56085182e-01
  1.30423559e+00  1.29391991e+00  1.29660138e+00]",0.06687251039986206,False
"[[-0.5, 0, 0, 0, 0, 0], [0.5, 0, 0, 0, 0, 0]]",3,"[ 0.56705567  0.3696125  -0.37989185  0.63048921  0.41697881  0.49578631
 -0.34839887  0.6774532   0.59378092  0.48046802 -0.33291574  0.55293924
 -0.02778571 -0.01707065  0.03905099 -0.0228934   0.06924852  0.00888118
 -0.02987921 -0.01297001  0.04101457  0.14715381  0.01467817 -0.10050407
 -0.03213584 -0.0070274   0.04195194  0.03898308 -0.07819061 -0.23198238
  0.09208063  0.21841656  0.17608538  0.20534819  0.17616671  0.25890295
  1.3031998   1.29291734  1.29572561]",0.11891826701429645,False
"[[0, -0.5, 0, 0, 0, 0], [0, 0.5, 0, 0, 0, 0]]",3,"[ 0.56774479  0.36693284 -0.37957512  0.63162399  0.4179841   0.49350139
 -0.34371535  0.68088577  0.591981    0.48439657 -0.33289117  0.55145438
 -0.06571037 -0.02107932  0.04111648 -0.0612947   0.08137392  0.21448417
 -0.09519048 -0.02422833  0.03502125  0.09358601  0.09137306  0.47932856
 -0.09246233 -0.01484784  0.06694406  0.09833118 -0.13955377 -0.04913472
  0.09679184  0.22059938  0.17978886  0.20801222  0.18140604  0.26204488
  1.30182175  1.29181997  1.29475652]",0.17055396779490775,1
"[[0, 0, 0, 0, -0.5, 0], [0, 0, 0, 0, 0.5, 0]]",3,"[ 0.59718883  0.32728933 -0.32855147  0.65444719  0.46682693  0.44294273
 -0.31387798  0.69810814  0.64696232  0.41049998 -0.24069523  0.59581485
 -0.11374598 -0.02429535 -0.01190078  0.06247936 -0.04436395  0.07426005
 -0.12036805 -0.02566098 -0.018558   -0.18381061  0.04193111  0.26520944
 -0.13985187 -0.03172926  0.01289117  0.11817916 -0.11220762  0.65437687
  0.08902479  0.18506022  0.15529966  0.22315433  0.15277934  0.226711
  1.30313463  1.30066752  1.30191668]",0.22336527406902565,False
"[[0, 0, -0.5, 0, 0, 0], [0, 0, 0.5, 0, 0, 0]]",3,"[ 0.59743419  0.32724901 -0.32804665  0.65449665  0.47167651  0.43834647
 -0.31064615  0.69919426  0.65122197  0.40437641 -0.23126433  0.59908804
 -0.08035513 -0.02133923 -0.00164914 -0.03462981  0.02454416 -0.07909841
 -0.09202656 -0.02516325 -0.00806819 -0.10658085  0.03469624  0.36238665
 -0.1056268  -0.02880248  0.02302941  0.07997514 -0.1054401   0.45309599
  0.09039372  0.18129447  0.15332288  0.22520589  0.14984804  0.2222882
  1.30292498  1.30146611  1.30264571]",0.20338553105281476,False
"[[0, -0.5, 0, 0, 0, 0], [0, 0.5, 0, 0, 0, 0]]",3,"[ 0.59773032  0.32618468 -0.32897424  0.65429196  0.47658342  0.43290904
 -0.30537961  0.7015706   0.65287856  0.40285816 -0.22623811  0.60022596
 -0.05851898 -0.01897485  0.01994023 -0.07050717  0.08141978 -0.08507554
 -0.07520829 -0.02255134  0.01202494 -0.06538526  0.05126731  0.48013302
 -0.08610816 -0.02550473  0.0373133   0.06272938 -0.11977136  0.10006166
  0.09413171  0.17907926  0.15368349  0.22778157  0.15062146  0.22049981
  1.30209744  1.3014958   1.30277162]",0.180680243815366,False
"[[0, 0, -0.5, 0, 0, 0], [0, 0, 0.5, 0, 0, 0]]",3,"[ 0.59685573  0.32726725 -0.3341466   0.6519244   0.48151706  0.42714979
 -0.29904597  0.70445432  0.65472748  0.40124737 -0.22180154  0.60094638
 -0.04351581 -0.01529491  0.01811625 -0.14836084  0.11951686 -0.22067837
 -0.05121278 -0.01389688  0.01605343 -0.04586707  0.05006116  0.25864494
 -0.056126   -0.02032022  0.03871628  0.01775264 -0.08830893  0.25949651
  0.09965442  0.17880718  0.1544827   0.2307618   0.15347045  0.22057845
  1.30091466  1.30100279  1.30255488]",0.1621133732647835,False
"[[0, 0, 0, -0.5, 0, 0], [0, 0, 0, 0.5, 0, 0]]",3,"[ 5.97595994e-01  3.25467638e-01 -3.37879545e-01  6.50220929e-01
  4.82836081e-01  4.24892290e-01 -2.97205729e-01  7.05694421e-01
  6.54339441e-01  4.03008654e-01 -2.21642496e-01  6.00248719e-01
  9.33957143e-03 -5.61645456e-03  3.29792828e-02 -1.63772284e-01
  1.48952127e-01 -1.44374778e-01  7.42383213e-04 -1.29772733e-03
  3.21773220e-02  1.99089968e-02  3.66724239e-02  3.37406937e-02
 -1.23454403e-03 -5.12516817e-03  2.89070996e-02 -8.13759687e-03
 -4.91131180e-02 -2.80946910e-01  1.06197708e-01  1.81151325e-01
  1.56622071e-01  2.32489822e-01  1.58454712e-01  2.21209784e-01
  1.29950023e+00  1.30001904e+00  1.30202016e+00]",0.11022453126962817,1
"[[0, -0.5, 0, 0, 0, 0], [0, 0.5, 0, 0, 0, 0]]",3,"[ 0.60870583  0.29931464 -0.31102897  0.66569433  0.5406137   0.35047053
 -0.20716861  0.73619862  0.66966137  0.38986546 -0.18438285  0.60461686
 -0.0452439  -0.02412373  0.03321571 -0.03245822  0.09542765  0.04976898
 -0.06975222 -0.02684888  0.02360186 -0.01901593  0.07143768  0.64613303
 -0.07782725 -0.02938641  0.05203994  0.04634287 -0.14868408 -0.23702007
  0.11244011  0.14402964  0.16057532  0.2682629   0.17026925  0.23331081
  1.29570603  1.30222389  1.30022039]",0.17412919624860512,False
"[[0, 0, 0, 0, -0.5, 0], [0, 0, 0, 0, 0.5, 0]]",3,"[ 0.60766536  0.29969075 -0.31451825  0.66483572  0.54261087  0.34560097
 -0.20306174  0.73817298  0.66770568  0.39538641 -0.18570949  0.60278578
 -0.026311   -0.01665194  0.05533444 -0.056907    0.11365133 -0.25996799
 -0.03199634 -0.01440567  0.05416796  0.02008395  0.08099228  0.12312954
 -0.04217841 -0.02072235  0.06305223  0.00557644 -0.12730757 -0.3437047
  0.11811481  0.14376098  0.16548101  0.27279596  0.17166087  0.23559613
  1.29421202  1.30197689  1.29911682]",0.14641723012525604,False
"[[0, 0, 0, -0.5, 0, 0], [0, 0, 0, 0.5, 0, 0]]",3,"[ 6.06691010e-01  3.01024453e-01 -3.20065367e-01  6.62471478e-01
  5.42106522e-01  3.44065106e-01 -2.02683857e-01  7.39363899e-01
  6.64238314e-01  4.03082683e-01 -1.90191483e-01  6.00115833e-01
  7.28362511e-03 -4.41565643e-03  5.84173333e-02 -1.27109195e-01
  1.14189018e-01 -2.88324668e-01 -2.63888551e-04 -2.65858823e-03
  5.68369167e-02  5.29327754e-02  6.16978942e-02 -2.56609311e-02
 -3.82292656e-03 -7.46691475e-03  5.08235174e-02 -1.42719429e-02
 -8.42042229e-02 -5.34880023e-01  1.24561849e-01  1.46566101e-01
  1.70961619e-01  2.75195281e-01  1.73982426e-01  2.38432009e-01
  1.29268908e+00  1.30122518e+00  1.29782235e+00]",0.10754808301446225,False
"[[0, -0.5, 0, 0, 0, 0], [0, 0.5, 0, 0, 0, 0]]",3,"[ 0.60535883  0.30200965 -0.32607251  0.6603087   0.54112242  0.34334526
 -0.20270171  0.74041379  0.65975076  0.41203799 -0.19665104  0.59689363
  0.01908361 -0.00320353  0.05077424 -0.08632285  0.1603043  -0.34192819
  0.0131969   0.00227357  0.05732194  0.06244302  0.04502672 -0.04379254
  0.01749776 -0.00400463  0.04359367 -0.02590843 -0.06505004 -0.6439916
  0.1312625   0.14933788  0.17639394  0.27783703  0.17767349  0.24167429
  1.29110928  1.30034211  1.29642344]",0.0924823912776279,False
"[[0, -0.5, 0, 0, 0, 0], [0, 0.5, 0, 0, 0, 0]]",3,"[ 6.02757927e-01  3.03534887e-01 -3.33346036e-01  6.58353913e-01
  5.39678877e-01  3.43321717e-01 -2.03131880e-01  7.41359796e-01
  6.54552075e-01  4.21626445e-01 -2.04348995e-01  5.93324710e-01
  2.91538328e-02  5.12253437e-04  4.14640973e-02 -5.12815798e-02
  2.03722905e-01 -4.32212649e-01  2.73862559e-02  1.03333057e-02
  5.48643659e-02  8.08029461e-02  3.80843676e-02 -1.08712394e-01
  3.47384027e-02  1.24505709e-03  3.35702325e-02 -3.28299197e-02
 -4.08018810e-02 -6.88920824e-01  1.38176760e-01  1.51442166e-01
  1.81758314e-01  2.81414600e-01  1.82020819e-01  2.45079603e-01
  1.28946999e+00  1.29950908e+00  1.29488608e+00]",0.07695903172160158,1
"[[0, -0.5, 0, 0, 0, 0], [0, 0.5, 0, 0, 0, 0]]",3,"[ 6.25219516e-01  2.52004584e-01 -2.85385356e-01  6.81285142e-01
  5.98461990e-01  2.34360217e-01 -7.05219617e-02  7.62853320e-01
  6.66746546e-01  4.11151354e-01 -1.71336834e-01  5.97534348e-01
 -8.78159554e-04 -7.78370429e-03  2.65160224e-03 -7.93335199e-02
  4.02135098e-02  2.55008426e-01 -3.45764879e-02 -8.67278721e-03
 -8.97563234e-03 -2.47231869e-02  2.80681436e-02  2.90928997e-01
 -2.99358270e-02 -1.49878748e-02  1.17492874e-02  2.79027940e-02
 -5.01218372e-02 -9.89586855e-02  1.47662347e-01  1.08914766e-01
  1.91036792e-01  3.19757308e-01  2.21082776e-01  2.68360788e-01
  1.28515848e+00  1.30061745e+00  1.29105367e+00]",0.13099243785542014,False
"[[0, -0.5, 0, 0, 0, 0], [0, 0.5, 0, 0, 0, 0]]",3,"[ 0.62562502  0.2511762  -0.28714289  0.68047984  0.60010116  0.22992899
 -0.06585033  0.76333151  0.66585001  0.41305559 -0.17162999  0.59713649
 -0.00413842 -0.00441636  0.01700483 -0.08832669  0.09531424 -0.27532072
 -0.0288861  -0.00233125  0.01321831  0.00736778  0.03586196  0.2401942
 -0.02340155 -0.01361368  0.01586761  0.01665053 -0.04706699 -0.07847251
  0.15070037  0.10846527  0.19273072  0.32161516  0.22436292  0.26943229
  1.28442316  1.30038462  1.2904442 ]",0.12479818698602552,False
"[[0, -0.5, 0, 0, 0, 0], [0, 0.5, 0, 0, 0, 0]]",3,"[ 0.62551538  0.2508285  -0.29052222  0.67927345  0.60038783  0.22804722
 -0.06462107  0.76377551  0.66346967  0.41752789 -0.17421147  0.59592686
 -0.00149137 -0.00197907  0.02634365 -0.09065509  0.12549343 -0.47315304
 -0.02309052  0.00188687  0.02692135  0.02700463  0.03886814  0.11555609
 -0.01353286 -0.01166298  0.02065316  0.00288916 -0.04462302 -0.14579021
  0.15522901  0.10911074  0.1955674   0.32384709  0.22771556  0.27071541
  1.28335476  1.30002013  1.28945135]",0.11393639611018888,False
"[[0, 0, 0, -0.5, 0, 0], [0, 0, 0, 0.5, 0, 0]]",3,"[ 0.62549299  0.25190795 -0.29606067  0.67649759  0.59940027  0.22875046
 -0.0664974   0.76417972  0.65998653  0.42373113 -0.17885964  0.59403615
  0.03198373  0.00337794  0.04479647 -0.17842021  0.09728796 -0.0697365
  0.00485465  0.0101819   0.0325587   0.03567098  0.03875058 -0.40010132
  0.02048713 -0.00366668  0.02914609 -0.02033848 -0.04059358 -0.56693009
  0.16065517  0.11216889  0.19901105  0.32430506  0.23098069  0.27225676
  1.28227167  1.29934517  1.28821866]",0.08545205255970444,False
"[[0, 0, 0, -0.5, 0, 0], [0, 0, 0, 0.5, 0, 0]]",3,"[ 0.6258671   0.25400442 -0.30286732  0.67234181  0.59733859  0.23173582
 -0.07091289  0.76449753  0.65619776  0.43040922 -0.1846902   0.59164341
  0.04440735  0.00856198  0.05395804 -0.21253564  0.08266936 -0.11392363
  0.01907312  0.01544783  0.03892681  0.04855695  0.03389328 -0.49614695
  0.04054438  0.00230417  0.03017875 -0.03937156 -0.02519979 -0.59670771
  0.16622322  0.1174573   0.20255576  0.32297019  0.23437164  0.27433884
  1.28136646  1.29833969  1.28682782]",0.07084661757295178,1
"[[-0.5, 0, 0, 0, 0, 0], [0.5, 0, 0, 0, 0, 0]]",3,"[ 0.62856038  0.25152353 -0.30524454  0.66968167  0.59369773  0.23800152
 -0.07928679  0.76458609  0.6543983   0.43478007 -0.1894949   0.58891497
  0.05818532  0.01105741  0.04685994 -0.16156397  0.05680798  0.1681549
  0.03253098  0.01745247  0.03589819  0.05057082  0.01831546 -0.58045305
  0.05272208  0.00324966  0.03999899 -0.08122181 -0.01155591 -0.2375978
  0.17031915  0.12426118  0.20563297  0.32253566  0.23940763  0.27842089
  1.28073043  1.29697444  1.2849327 ]",0.05712335772499214,False
"[[-0.5, 0, 0, 0, 0, 0], [0.5, 0, 0, 0, 0, 0]]",3,"[ 0.63041717  0.24963757 -0.30650273  0.66806538  0.59000164  0.24461508
 -0.08778805  0.76443102  0.65510252  0.43518938 -0.19099326  0.58734356
  0.06243144  0.01560409  0.05323051 -0.1584634   0.06808119 -0.05989881
  0.04310018  0.02214146  0.04633912  0.07066177  0.01397831 -0.62502232
  0.06230053  0.00521727  0.04503862 -0.10504997 -0.00243316 -0.08081069
  0.17203601  0.12978593  0.20724308  0.32285892  0.24250985  0.2817463
  1.28049088  1.29595676  1.28342225]",0.045847136815322834,False
"[[-0.5, 0, 0, 0, 0, 0], [0.5, 0, 0, 0, 0, 0]]",3,"[ 0.63212143  0.24773664 -0.30786742  0.66653335  0.5853322   0.25284848
 -0.09826097  0.76406717  0.65588351  0.43564015 -0.19285143  0.5855278
  0.07059061  0.01672607  0.05865318 -0.14717969  0.07486028 -0.14776025
  0.05653866  0.0227043   0.05573089  0.08421356  0.00697583 -0.71499276
  0.07581341  0.00695293  0.04986591 -0.12605892  0.00328789 -0.08666239
  0.17358952  0.13596159  0.20899967  0.32334181  0.24557168  0.28541835
  1.28025742  1.2948326   1.28178588]",0.0329316052312872,False
"[[0, 0, 0, 0, -0.5, 0], [0, 0, 0, 0, 0.5, 0]]",3,"[ 0.63118188  0.25056499 -0.31435102  0.66333254  0.57936141  0.26288123
 -0.11123637  0.76345287  0.65585962  0.43737946 -0.19584073  0.58326132
  0.06146289  0.01023502  0.06107414 -0.08513603  0.10175142 -0.32823794
  0.06971391  0.0202239   0.06450985  0.12030082  0.03649949 -0.97281385
  0.08101521  0.0075884   0.04897776 -0.11555394 -0.00396708 -0.34783557
  0.17627981  0.14272182  0.21183918  0.32401522  0.24688304  0.2887995
  1.27977622  1.2937695   1.28001818]",0.033394243648842206,False
"[[0, -0.5, 0, 0, 0, 0], [0, 0.5, 0, 0, 0, 0]]",3,"[ 0.62844167  0.25465516 -0.32258153  0.66041879  0.57415094  0.27067394
 -0.12123467  0.7631438   0.65340253  0.44219092 -0.20161265  0.58041766
  0.04815557  0.01530837  0.04305809 -0.0183393   0.16032774 -0.71387576
  0.05760223  0.02309804  0.06521317  0.10376599  0.00833103 -0.51004849
  0.08049294  0.01583911  0.02500107 -0.09550184  0.02427721 -0.37439602
  0.18004997  0.14762287  0.21559169  0.32516681  0.24862084  0.29198816
  1.2789909   1.29282229  1.2784625 ]",0.038490755782325387,1
"[[0, -0.5, 0, 0, 0, 0], [0, 0.5, 0, 0, 0, 0]]",3,"[ 6.44411719e-01  2.14589206e-01 -2.74183688e-01  6.80814450e-01
  6.28423347e-01  1.67323360e-01 -3.73520625e-02  7.58743576e-01
  6.77882602e-01  3.99704142e-01 -1.91879537e-01  5.86424777e-01
 -1.41646604e-02 -7.04712227e-04  1.19745160e-02 -5.47753915e-02
  8.28347855e-02 -5.92319269e-01 -3.32520485e-02 -1.82481022e-03
  1.27312317e-02  1.54744859e-02  1.43879352e-02  5.26835128e-01
 -3.16420868e-02 -1.02819496e-02  4.71428783e-03  1.92698956e-02
 -2.56064284e-02  2.02952836e-01  1.19293808e-01  8.27993175e-02
  1.75329147e-01  3.39356494e-01  2.33017398e-01  2.88057387e-01
  1.28864994e+00  1.30530740e+00  1.29114066e+00]",0.12320678111253017,False
"[[0, 0, 0, 0, -0.5, 0], [0, 0, 0, 0, 0.5, 0]]",3,"[ 6.44263623e-01  2.15297896e-01 -2.77993857e-01  6.79183786e-01
  6.27156907e-01  1.69963411e-01 -4.16072864e-02  7.58983192e-01
  6.75889430e-01  4.03776339e-01 -1.93919608e-01  5.85263472e-01
  4.61030377e-03 -5.42517322e-04  4.22969356e-02 -9.92672568e-02
  9.97695351e-02 -3.82224499e-01  5.38809114e-03  8.11442159e-03
  3.64314875e-02  4.40089424e-02  3.75410528e-02 -5.04970215e-01
 -1.03747715e-02 -1.07086460e-02  3.01071274e-02 -4.05415353e-03
 -5.78652532e-02 -2.85083147e-01  1.23343843e-01  8.48040108e-02
  1.77658804e-01  3.40677089e-01  2.33913698e-01  2.88437733e-01
  1.28781738e+00  1.30496634e+00  1.29012395e+00]",0.10070574948103839,False
"[[0, -0.5, 0, 0, 0, 0], [0, 0.5, 0, 0, 0, 0]]",3,"[ 6.42266623e-01  2.20054653e-01 -2.86782479e-01  6.75888559e-01
  6.25534258e-01  1.72653291e-01 -4.57030055e-02  7.59479406e-01
  6.73526876e-01  4.08551569e-01 -1.96845969e-01  5.83694121e-01
  5.57701406e-03 -1.39973984e-03  3.69475499e-02 -6.74229658e-02
  1.27464283e-01 -4.42916530e-01  4.14320507e-03  8.58721942e-03
  4.02496827e-02  5.06383074e-02  3.71081945e-02 -3.21706850e-01
 -1.02627452e-03 -6.03358580e-03  2.33182709e-02  4.33022430e-03
 -4.93799061e-02 -4.50566093e-01  1.28571646e-01  8.72817303e-02
  1.81042539e-01  3.42177599e-01  2.35003168e-01  2.89540246e-01
  1.28679011e+00  1.30451388e+00  1.28880312e+00]",0.1025455216614208,False
"[[0, 0, 0, -0.5, 0, 0], [0, 0, 0, 0.5, 0, 0]]",3,"[ 6.41148163e-01  2.23710346e-01 -2.94849388e-01  6.72269702e-01
  6.23282994e-01  1.77145730e-01 -5.17946675e-02  7.59904607e-01
  6.68990534e-01  4.16700824e-01 -2.03163904e-01  5.80978930e-01
  3.10966437e-02  4.80299756e-03  5.62492267e-02 -1.45399475e-01
  1.13940745e-01 -4.16076882e-01  2.19402448e-02  1.35083070e-02
  4.59586408e-02  6.21448004e-02  2.80372738e-02 -5.28375101e-01
  2.93067177e-02 -2.16249660e-05  2.65415920e-02 -2.49756500e-02
 -3.09838327e-02 -6.02207229e-01  1.34525003e-01  9.09903440e-02
  1.84946002e-01  3.41872125e-01  2.36643526e-01  2.90878076e-01
  1.28574507e+00  1.30383648e+00  1.28745142e+00]",0.07657186573336869,False
"[[0, -0.5, 0, 0, 0, 0], [0, 0.5, 0, 0, 0, 0]]",3,"[ 0.63959288  0.2276624  -0.30345739  0.66858387  0.62100045  0.18132382
 -0.05735194  0.76038863  0.66464417  0.42437894 -0.2095596   0.57813097
  0.01844049  0.00571254  0.04509016 -0.08584189  0.14435579 -0.71457358
  0.01289995  0.01297565  0.05104387  0.0710676   0.02522593 -0.26063728
  0.02893866  0.00198088  0.02010145 -0.02876979 -0.01586564 -0.41793455
  0.14044994  0.09457192  0.18900869  0.34192751  0.23891586  0.29268891
  1.2846993   1.30309743  1.28605812]",0.08006378067444436,1
"[[0, 0, 0, 0, -0.5, 0], [0, 0, 0, 0, 0.5, 0]]",3,"[ 0.63768667  0.2540419  -0.28994151  0.66689755  0.54787861  0.36277589
 -0.28139475  0.69931372  0.71036515  0.32182615 -0.22163122  0.58539634
 -0.00643222 -0.01297866  0.02786601  0.01173856  0.06123323 -0.31412421
 -0.00201807 -0.01293371  0.03015009  0.03505766  0.05075882  0.03532058
 -0.02947875 -0.00981299  0.04341777  0.01242552 -0.1015643  -0.53230756
  0.03430809  0.11679307  0.1068391   0.29632049  0.1528174   0.28406955
  1.31237538  1.31123758  1.29769983]",0.12257385243239888,False
"[[0, 0, 0, 0, -0.5, 0], [0, 0, 0, 0, 0.5, 0]]",3,"[ 6.34634351e-01  2.59216307e-01 -2.97039305e-01  6.64690754e-01
  5.45565824e-01  3.64311552e-01 -2.84171506e-01  6.99200672e-01
  7.05800525e-01  3.33750562e-01 -2.28962462e-01  5.81405515e-01
  8.28695019e-03 -1.27551646e-02  5.39757383e-02  1.10258521e-02
  7.76308195e-02 -5.65131742e-01  2.40064564e-02 -1.29741439e-02
  6.02413402e-02  7.54545539e-02  5.38292588e-02 -3.04393346e-01
 -4.84537427e-03 -7.42170851e-03  5.41051445e-02  1.01254097e-03
 -1.04839097e-01 -9.43060767e-01  3.85954077e-02  1.18513069e-01
  1.11598912e-01  2.97778052e-01  1.52203427e-01  2.84795364e-01
  1.31110375e+00  1.31091483e+00  1.29694470e+00]",0.09933887887267387,False
"[[0, 0, 0, -0.5, 0, 0], [0, 0, 0, 0.5, 0, 0]]",3,"[ 0.63098649  0.26524455 -0.30639878  0.66152942  0.54142141  0.36807575
 -0.28885832  0.69852986  0.69808652  0.35113067 -0.24129871  0.57546276
  0.04797299 -0.01237339  0.05052559 -0.01805719  0.12533374 -0.6613987
  0.0506024  -0.01285845  0.0645544   0.11182595  0.02078726 -0.37558884
  0.03877641 -0.0020034   0.0349361  -0.00833651 -0.05877495 -1.25356792
  0.04453455  0.12155156  0.11771358  0.29756809  0.15348666  0.28600215
  1.30948409  1.31017902  1.29600529]",0.06726099605476021,False
"[[-0.5, 0, 0, 0, 0, 0], [0.5, 0, 0, 0, 0, 0]]",3,"[ 0.62753114  0.27079125 -0.31529768  0.65837994  0.5361811   0.37329681
 -0.29440339  0.69748546  0.69031323  0.36749037 -0.25375938  0.56923163
  0.04786743 -0.01590379  0.04818895 -0.02036561  0.11090955 -0.51212683
  0.04083174 -0.01884848  0.06214641  0.15359304  0.0127549  -0.42382111
  0.041972   -0.00660745  0.03899137 -0.0246431  -0.05624652 -1.08419833
  0.04997656  0.1253711   0.1237054   0.29723513  0.15594312  0.28859177
  1.30798957  1.30922652  1.29493015]",0.06240420699263147,False
"[[0, -0.5, 0, 0, 0, 0], [0, 0.5, 0, 0, 0, 0]]",3,"[ 0.62425465  0.2755995  -0.32284986  0.6558346   0.53181305  0.37711804
 -0.29699133  0.69767687  0.68224251  0.38376273 -0.26474006  0.56319093
 -0.00915618 -0.0180685   0.05623475 -0.01064694  0.08818589 -0.40904029
 -0.02418253 -0.02512112  0.06251046  0.15367415  0.01199126 -0.05543799
 -0.04124144 -0.00994335  0.05512272  0.05974821 -0.13602142 -0.97858878
  0.0558023   0.12881787  0.12983038  0.29750106  0.15978424  0.29186126
  1.30637365  1.30811103  1.29382079]",0.11831273818150795,1
"[[0, -0.5, 0, 0, 0, 0], [0, 0.5, 0, 0, 0, 0]]",3,"[ 0.62044662  0.28083098 -0.3332184   0.65203178  0.53428315  0.37086114
 -0.28972276  0.70218534  0.67647759  0.3972862  -0.26951716  0.55848209
 -0.02781041 -0.01788085  0.03523981 -0.05407913  0.08736054 -0.31363848
 -0.04257679 -0.02080669  0.03368982  0.02437959  0.06000653  0.37656701
 -0.07175923 -0.01634435  0.05270194  0.06323021 -0.13650937 -0.35431079
  0.06504168  0.13030202  0.13740273  0.30168174  0.16468857  0.29539386
  1.30371676  1.3069784   1.29263603]",0.14829409634635696,False
"[[0, 0, -0.5, 0, 0, 0], [0, 0, 0.5, 0, 0, 0]]",3,"[ 0.61825375  0.28447718 -0.34121298  0.64838934  0.53622016  0.36690222
 -0.28564113  0.70445713  0.67496159  0.40158245 -0.26972454  0.55714187
 -0.01550216 -0.01892117  0.02755124 -0.12056095  0.1149217  -0.57027179
 -0.02733278 -0.01700543  0.03404486  0.01060564  0.04321321  0.18998295
 -0.0524552  -0.0147705   0.04729594  0.0360614  -0.10910204 -0.18684971
  0.07115969  0.13169041  0.14060486  0.3039208   0.16822519  0.2966649
  1.30198127  1.30630472  1.29217962]",0.14234027598435622,False
"[[-0.5, 0, 0, 0, 0, 0], [0.5, 0, 0, 0, 0, 0]]",3,"[ 0.6184015   0.28303267 -0.34518385  0.64677678  0.53412464  0.36827859
 -0.28872708  0.70407274  0.67370805  0.40527888 -0.27092486  0.55539735
  0.04766676 -0.01826232  0.04983257 -0.1393858   0.170179    0.12522844
  0.0283955  -0.00504475  0.05855428  0.04156072  0.06036983 -0.58612185
  0.01446038 -0.00672236  0.04066426 -0.02986192 -0.0538478  -0.32285304
  0.0767696   0.13463141  0.14424152  0.30606582  0.17297056  0.29808727
  1.30019866  1.30541674  1.29147064]",0.09143622076567158,False
"[[0, 0, -0.5, 0, 0, 0], [0, 0, 0.5, 0, 0, 0]]",3,"[ 0.61614158  0.28579513 -0.35460042  0.64261127  0.52940727  0.37342435
 -0.29568782  0.70203341  0.67272317  0.40791295 -0.27354973  0.55337249
  0.00185123 -0.00936169  0.02892842 -0.09519874  0.09475645 -1.23706778
  0.00995231 -0.01273504  0.04599325  0.1178868  -0.03473448 -0.18834764
  0.03032556 -0.00305451  0.03269529 -0.05167512 -0.02229996 -0.2411861
  0.08288042  0.13916473  0.14726263  0.30776016  0.17808377  0.30023254
  1.29838832  1.30428097  1.29073288]",0.06432534596494545,False
"[[0, 0, 0, 0, -0.5, 0], [0, 0, 0, 0, 0.5, 0]]",3,"[ 6.12695908e-01  2.91235792e-01 -3.64381751e-01  6.37974433e-01
  5.23937769e-01  3.78987723e-01 -3.02029510e-01  7.00453921e-01
  6.70161936e-01  4.13309809e-01 -2.76398626e-01  5.51055152e-01
 -2.16877136e-04 -2.23177243e-02  4.04772479e-02 -1.19137098e-01
  1.58227699e-01 -4.99926014e-01 -1.76056991e-03 -1.34226874e-02
  5.25820885e-02  6.84712043e-02  6.49557342e-02 -3.82681048e-01
 -1.30993588e-02 -1.07998748e-02  4.44449976e-02  1.41769518e-03
 -7.91659224e-02 -3.47228156e-01  8.94535520e-02  1.44273226e-01
  1.51380422e-01  3.09113825e-01  1.81499146e-01  3.02448000e-01
  1.29656359e+00  1.30324090e+00  1.28984237e+00]",0.11905585497863835,1
"[[0, 0, 0, -0.5, 0, 0], [0, 0, 0, 0.5, 0, 0]]",3,"[ 0.61926016  0.28091425 -0.35892632  0.63935588  0.53784842  0.36217037
 -0.29495424  0.7018217   0.6862812   0.3848081  -0.24310293  0.56731103
 -0.07980295 -0.0052651  -0.02479556 -0.01572648 -0.04117339  0.07125793
 -0.08062405 -0.00789269 -0.0305744  -0.07362163  0.02154571  0.36212572
 -0.12449649 -0.00459044 -0.03668617  0.16527132 -0.06195543  0.13761268
  0.09603803  0.13756541  0.14622838  0.31310214  0.17564863  0.28261538
  1.29568832  1.30445874  1.29303123]",0.19632316519739307,False
"[[-0.5, 0, 0, 0, 0, 0], [0.5, 0, 0, 0, 0, 0]]",3,"[ 0.6228736   0.27485196 -0.35312375  0.64170749  0.53827941  0.36163043
 -0.29631719  0.70119529  0.68665931  0.38353813 -0.23964029  0.56918365
 -0.01741076 -0.00605133  0.0190631  -0.11397054  0.01669613  0.31576779
 -0.0286044  -0.00282293  0.00887201 -0.03572792  0.04276145 -0.18018934
 -0.05406978 -0.00512752 -0.00408883  0.0588619  -0.03976851  0.1294135
  0.09735624  0.13755589  0.14670432  0.31154886  0.17538885  0.27829817
  1.29548315  1.30448112  1.29355195]",0.1408923195055363,False
"[[0, 0, 0, 0, -0.5, 0], [0, 0, 0, 0, 0.5, 0]]",3,"[ 6.22577645e-01  2.76265601e-01 -3.56754204e-01  6.39375344e-01
  5.36487192e-01  3.63489220e-01 -3.00265335e-01  6.99927002e-01
  6.86385938e-01  3.84070316e-01 -2.38908214e-01  5.69462204e-01
 -1.01287614e-02 -2.53439170e-03  2.30025933e-02 -8.25701821e-02
  7.76399760e-02 -3.91148525e-01  2.27871228e-03  2.69989354e-03
  2.94706084e-02  6.43203706e-03  4.72346652e-02 -3.26469598e-01
 -1.20513681e-02  7.09940821e-05  4.16965755e-03  1.95813286e-02
 -2.45148758e-02 -1.70291950e-01  1.00977199e-01  1.40103255e-01
  1.48509989e-01  3.10689971e-01  1.75402386e-01  2.76571675e-01
  1.29484048e+00  1.30413914e+00  1.29342873e+00]",0.11502205859009472,False
"[[0, 0, -0.5, 0, 0, 0], [0, 0, 0.5, 0, 0, 0]]",3,"[ 6.20311133e-01  2.80523474e-01 -3.65418580e-01  6.34814887e-01
  5.33246076e-01  3.67183033e-01 -3.05910508e-01  6.98028655e-01
  6.86242193e-01  3.84430589e-01 -2.39459876e-01  5.69160559e-01
  1.84494990e-02  5.24231633e-04  1.71937408e-02 -1.28171451e-01
  1.47276308e-01 -5.11519798e-01  2.89613399e-02  9.75936518e-03
  3.08844561e-02  3.00192936e-02  3.59609715e-02 -4.98112195e-01
  3.17519772e-02  6.08747421e-03  4.93677906e-04 -3.10077558e-02
  2.24009914e-02 -8.48432769e-02  1.06044013e-01  1.43874426e-01
  1.50276094e-01  3.10778927e-01  1.77293176e-01  2.76155476e-01
  1.29382457e+00  1.30342455e+00  1.29306615e+00]",0.08313880516491788,False
"[[0, -0.5, 0, 0, 0, 0], [0, 0.5, 0, 0, 0, 0]]",3,"[ 0.61731404  0.28363129 -0.37400124  0.63134756  0.52970101  0.37095262
 -0.3107656   0.69658864  0.68258076  0.39083628 -0.24541811  0.56665726
  0.04402286 -0.00360699  0.01751074 -0.0487869   0.20513153 -0.51140988
  0.05274831  0.00645789  0.04172549  0.07407843  0.02621318 -0.3802747
  0.05767841  0.01122012 -0.00725455 -0.02020685  0.0278525  -0.7219141
  0.11188697  0.1467811   0.15329901  0.3116187   0.18125998  0.2764516
  1.2923791   1.30251968  1.29257985]",0.05866277922652944,1
"[[0, -0.5, 0, 0, 0, 0], [0, 0.5, 0, 0, 0, 0]]",3,"[ 0.74830901 -0.08318727  0.03586318  0.65713571  0.65036321  0.11635055
 -0.10061978  0.74388568  0.75721234  0.01762725  0.16303701  0.63224812
  0.0708571   0.01346083  0.05441799 -0.05741096  0.1070461  -0.53642382
  0.04847462  0.00378416  0.06310078  0.10267933 -0.03679489 -0.02795179
  0.07878645  0.01361321  0.05256501 -0.08519828 -0.043021   -0.72339377
  0.06924482  0.15288021  0.12603829  0.29148405  0.17610332  0.21481645
  1.30622241  1.301814    1.30299385]",0.04769434215163353,False
"[[0, -0.5, 0, 0, 0, 0], [0, 0.5, 0, 0, 0, 0]]",3,"[ 0.75032151 -0.07250309  0.02364078  0.65665976  0.6491795   0.11596424
 -0.09739374  0.74540776  0.75775314  0.03236472  0.15304738  0.63351338
  0.10113337  0.02014748  0.04187236 -0.04644524  0.11663208 -0.9495452
  0.08446278  0.00443448  0.05661015  0.11314586 -0.09766026  0.07297492
  0.11579355  0.01660128  0.04632527 -0.11292641 -0.10573829 -0.93608737
  0.07517195  0.15495646  0.13001201  0.29336104  0.18194166  0.21842052
  1.30470394  1.30024334  1.30218432]",0.013645158185061373,False
"[[0, 0, 0, 0, -0.5, 0], [0, 0, 0, 0, 0.5, 0]]",3,"[ 0.75245631 -0.0546229   0.0053482   0.65635146  0.64684093  0.1212253
 -0.10007429  0.7462482   0.75833523  0.04829841  0.14295158  0.6341607
  0.12089416  0.02002809  0.01966955 -0.01906618  0.10336111 -1.23960555
  0.11309829  0.00319671  0.06701217  0.12683772 -0.10170389 -0.38862868
  0.15969151  0.01616753  0.0415188  -0.152485   -0.1119346  -1.14386504
  0.08227563  0.15824667  0.13532392  0.29576925  0.18596796  0.2221485
  1.3029761   1.29873119  1.30113481]",-0.01670855776629715,False
"[[-0.5, 0, 0, 0, 0, 0], [0.5, 0, 0, 0, 0, 0]]",3,"[ 0.75340692 -0.04193366 -0.00898644  0.65615457  0.64354144  0.13003636
 -0.10693994  0.74666513  0.759025    0.06853716  0.12752026  0.6347616
  0.1377027   0.02135781 -0.00284681 -0.01394403  0.1603845  -0.98263396
  0.12024471  0.00928815  0.07309583  0.13831365 -0.07941219 -0.75438608
  0.19230413  0.02265459  0.03527828 -0.21217573 -0.00824401 -1.41935799
  0.08801152  0.16252528  0.14141742  0.29838377  0.19029994  0.22632703
  1.30138101  1.29721689  1.29993558]",-0.03319257123494809,False
"[[0, 0, 0, 0, -0.5, 0], [0, 0, 0, 0, 0.5, 0]]",3,"[ 0.75396019 -0.02355591 -0.02891802  0.65586042  0.63912152  0.14316457
 -0.11854138  0.74630793  0.75987318  0.08934235  0.11069096  0.63431711
  0.16160786  0.01774165 -0.02578157  0.05184393  0.1433705  -1.42622874
  0.1607922   0.00275161  0.0731785   0.17304181 -0.11659457 -0.90313392
  0.24193408  0.01910703  0.02895354 -0.2430971  -0.01914975 -1.53966301
  0.09395087  0.16755761  0.14789891  0.30088019  0.19339336  0.23089248
  1.2998216   1.29574604  1.29858844]",-0.0668166602087539,1
