<mujoco model="bread">
  <asset>
    <mesh file="meshes/bread.stl" name="bread_mesh" scale="0.8 0.8 0.8"/>
    <texture file="../textures/bread.png" type="2d" name="tex-bread" />
    <material name="bread" reflectance="0.7" texrepeat="15 15" texture="tex-bread" texuniform="true"/>
  </asset>
  <worldbody>
    <body>
      <body name="collision">
        <geom pos="0 0 0" mesh="bread_mesh" type="mesh" solimp="0.998 0.998 0.001" solref="0.001 1" density="50" friction="0.95 0.3 0.1"  material="bread" group="1" condim="4"/>
      </body>
      <body name="visual">
        <geom pos="0 0 0" mesh="bread_mesh" type="mesh" material="bread"  conaffinity="0" contype="0"  group="0" mass="0.0001"/>
        <geom pos="0 0 0" mesh="bread_mesh" type="mesh" material="bread"  conaffinity="0" contype="0"  group="1" mass="0.0001"/>
      </body>
      <site rgba="0 0 0 0" size="0.005" pos="0 0 -0.045" name="bottom_site"/>
      <site rgba="0 0 0 0" size="0.005" pos="0 0 0.03" name="top_site"/>
      <site rgba="0 0 0 0" size="0.005" pos="0.03 0.03 0" name="horizontal_radius_site"/>
    </body>
  </worldbody>
</mujoco>