<mujoco model="cereal">
  <asset>
    <mesh file="meshes/cereal.stl" name="cereal_mesh"/>
    <texture file="../textures/cereal.png" rgb1="1 1 1" name="tex-cereal"/>
    <material name="cereal" reflectance="0.5" texrepeat="2 2" texture="tex-cereal" texuniform="true"/>
  </asset>
  <worldbody>
    <body>
      <body name="visual">
        <geom pos="0 0 0" mesh="cereal_mesh" type="mesh" rgba="0.8 0.8 0.8 0.3"  conaffinity="0" contype="0"  group="0" mass="0.0001"/>
        <geom pos="0 0 0" mesh="cereal_mesh" type="mesh" rgba="0.8 0.8 0.8 0.3"  conaffinity="0" contype="0"  group="1" mass="0.0001"/>
      </body>
      <site rgba="0 0 0 0" size="0.005" pos="0 0 -0.05" name="bottom_site"/>
      <site rgba="0 0 0 0" size="0.005" pos="0 0 0.03" name="top_site"/>
      <site rgba="0 0 0 0" size="0.005" pos="0.02 0.015 0" name="horizontal_radius_site"/>
    </body>
  </worldbody>
</mujoco>
